-- phpMyAdmin SQL Dump
-- version 4.9.0.1
-- https://www.phpmyadmin.net/
--
-- Host: 127.0.0.1
-- Generation Time: Feb 28, 2020 at 05:36 PM
-- Server version: 10.4.6-MariaDB
-- PHP Version: 7.3.8

SET SQL_MODE = "NO_AUTO_VALUE_ON_ZERO";
SET AUTOCOMMIT = 0;
START TRANSACTION;
SET time_zone = "+00:00";


/*!40101 SET @OLD_CHARACTER_SET_CLIENT=@@CHARACTER_SET_CLIENT */;
/*!40101 SET @OLD_CHARACTER_SET_RESULTS=@@CHARACTER_SET_RESULTS */;
/*!40101 SET @OLD_COLLATION_CONNECTION=@@COLLATION_CONNECTION */;
/*!40101 SET NAMES utf8mb4 */;

--
-- Database: `ui2_27`
--

-- --------------------------------------------------------

--
-- Table structure for table `assign_to_hots`
--

CREATE TABLE `assign_to_hots` (
  `id` int(10) UNSIGNED NOT NULL,
  `cbp_id` int(10) UNSIGNED NOT NULL,
  `cbp_subtask_id` int(11) NOT NULL,
  `project_id` int(10) UNSIGNED NOT NULL,
  `hot_id` varchar(255) COLLATE utf8mb4_unicode_ci NOT NULL,
  `status` varchar(255) COLLATE utf8mb4_unicode_ci NOT NULL,
  `hot_report` varchar(255) COLLATE utf8mb4_unicode_ci DEFAULT NULL,
  `deadline` varchar(222) CHARACTER SET utf8 COLLATE utf8_unicode_ci NOT NULL,
  `created_at` timestamp NULL DEFAULT NULL,
  `updated_at` timestamp NULL DEFAULT NULL
) ENGINE=InnoDB DEFAULT CHARSET=utf8mb4 COLLATE=utf8mb4_unicode_ci;

--
-- Dumping data for table `assign_to_hots`
--

INSERT INTO `assign_to_hots` (`id`, `cbp_id`, `cbp_subtask_id`, `project_id`, `hot_id`, `status`, `hot_report`, `deadline`, `created_at`, `updated_at`) VALUES
(12, 1, 34, 1, '00000069', '0', NULL, '02/20/2020 4:21 PM', '2020-02-26 03:21:20', '2020-02-26 03:21:20'),
(13, 1, 34, 1, '00000069', '0', NULL, '02/28/2020 1:21 PM', '2020-02-27 00:21:37', '2020-02-27 00:21:37'),
(14, 1, 34, 1, '00000069', '0', NULL, '02/28/2020 1:21 PM', '2020-02-27 00:21:38', '2020-02-27 00:21:38'),
(15, 1, 34, 1, '00000069', '0', NULL, '02/28/2020 1:21 PM', '2020-02-27 00:21:38', '2020-02-27 00:21:38'),
(16, 1, 34, 1, '00000069', '0', NULL, '02/28/2020 1:21 PM', '2020-02-27 00:21:38', '2020-02-27 00:21:38'),
(17, 1, 35, 1, '00000069', '0', NULL, '02/28/2020 1:21 PM', '2020-02-27 00:21:47', '2020-02-27 00:21:47'),
(18, 1, 35, 1, '00000069', '0', NULL, '02/28/2020 1:21 PM', '2020-02-27 00:22:03', '2020-02-27 00:22:03'),
(19, 1, 34, 1, '00000069', '0', NULL, '02/26/2020 2:19 PM', '2020-02-27 01:19:20', '2020-02-27 01:19:20'),
(20, 1, 34, 1, '00000069', '0', NULL, '02/26/2020 2:19 PM', '2020-02-27 01:19:22', '2020-02-27 01:19:22'),
(21, 1, 34, 1, '00000069', '0', NULL, '02/26/2020 2:19 PM', '2020-02-27 01:19:22', '2020-02-27 01:19:22'),
(22, 1, 34, 1, '00000069', '0', NULL, '02/26/2020 2:19 PM', '2020-02-27 01:19:22', '2020-02-27 01:19:22'),
(23, 1, 34, 1, '00000069', '0', NULL, '02/26/2020 2:19 PM', '2020-02-27 01:19:31', '2020-02-27 01:19:31'),
(24, 1, 34, 1, '00000069', '0', NULL, '02/26/2020 2:19 PM', '2020-02-27 01:19:31', '2020-02-27 01:19:31'),
(25, 1, 34, 1, '00000069', '0', NULL, '02/18/2020 2:20 PM', '2020-02-27 01:21:06', '2020-02-27 01:21:06'),
(26, 1, 35, 1, '00000069', '0', NULL, '02/18/2020 2:20 PM', '2020-02-27 01:21:44', '2020-02-27 01:21:44'),
(27, 8, 66, 10, '00000069', '0', NULL, '02/28/2020 11:18 AM', '2020-02-27 22:18:49', '2020-02-27 22:18:49'),
(28, 8, 66, 10, '00000069', '0', NULL, '02/27/2020 11:37 AM', '2020-02-27 22:37:14', '2020-02-27 22:37:14'),
(29, 15, 1, 10, '00000069', '0', NULL, '02/27/2020 11:37 AM', '2020-02-27 22:37:38', '2020-02-27 22:37:38'),
(30, 15, 2, 10, '00000069', '0', NULL, '02/27/2020 11:37 AM', '2020-02-27 22:37:41', '2020-02-27 22:37:41');

-- --------------------------------------------------------

--
-- Table structure for table `cbp_lists`
--

CREATE TABLE `cbp_lists` (
  `cbp_id` int(10) UNSIGNED NOT NULL,
  `cbp_name` text COLLATE utf8mb4_unicode_ci NOT NULL,
  `dept_id` int(10) UNSIGNED DEFAULT NULL,
  `status` int(11) DEFAULT 0,
  `created_at` timestamp NULL DEFAULT NULL,
  `updated_at` timestamp NULL DEFAULT NULL
) ENGINE=InnoDB DEFAULT CHARSET=utf8mb4 COLLATE=utf8mb4_unicode_ci;

--
-- Dumping data for table `cbp_lists`
--

INSERT INTO `cbp_lists` (`cbp_id`, `cbp_name`, `dept_id`, `status`, `created_at`, `updated_at`) VALUES
(1, 'CM ဖြင့် ဆက်သွယ်ဆောင်ရွက်ခြင်းနှင့် CM ၏ မှတ်ချက်များ ၊ ညွှန်ကြားချက်များ', 1, 0, '2020-02-17 20:50:53', '2020-02-17 20:50:53'),
(2, 'စီမံကိန်း၏ ရည်ရွယ်ချက် ရည်မှန်းချက် / CBP ဖြစ်မြောက်ရေး ဆောင်ရွက်ရန်', 2, 0, '2020-02-17 20:50:53', '2020-02-17 20:50:53'),
(3, 'အနှစ်ချုပ် Check List ဇယား /တာဝန်ပေးအပ်ထားမှု ဆိုင်ရာ OGC / Matrix structure', 2, 0, '2020-02-17 20:50:53', '2020-02-17 20:50:53'),
(4, 'အုပ်ချုပ်မှု၊ တာဝန်ပေးအပ်မှု၊ တာဝန်ထမ်းဆောင်မှု၊ ပုံမှန်အစည်းအဝေး များနှင့် Report & Review နည်းလမ်းများ', 2, 0, '2020-02-17 20:50:53', '2020-02-17 20:50:53'),
(5, 'ကြုံတွေ့နိုင်သည့် အခက်အခဲများ ဖြေရှင်းမည့် နည်းလမ်းများ/ အန္တရာယ် ကင်းရှင်းရေး', 2, 0, '2020-02-17 20:50:53', '2020-02-17 20:50:53'),
(6, 'စီမံကိန်း၏ သမိုင်းကျဉ်း စီမံကိန်း စာချုပ် ချုပ်ဆိုခဲ့ပုံ အဆင့်ဆင့်', 3, 0, '2020-02-17 20:50:53', '2020-02-17 20:50:53'),
(7, 'နိုင်ငံတော် စီမံကိန်း စာချုပ်ပါ ပေးရန် ၊ ရရန် ၊ အပ်နှံရမည့်ကာလနှင့် မြေပြင်အခြေအနေ', 3, 0, '2020-02-17 20:50:53', '2020-02-17 20:50:53'),
(8, 'နိုင်ငံတော် စီမံကိန်း စာချုပ်ပါ အရေးကြီး အချက်များနှင့် ဆက်သွယ်ဆောင်ရွက်ရမည့် ဌာနများ', 3, 0, '2020-02-17 20:50:53', '2020-02-17 20:50:53'),
(9, 'စီမံကိန်း CBP နှင့် မြေပြင်အခြေ အနေ နှိုင်းယှဉ် Report / စီမံကိန်း၏ Rating', 3, 0, '2020-02-17 20:50:53', '2020-02-17 20:50:53'),
(10, 'ကျွမ်းကျင်သူများ မှတ်ချက်များ', 3, 0, '2020-02-17 20:50:53', '2020-02-17 20:50:53'),
(11, 'အထွေထွေ မှတ်ချက်များ', 3, 0, '2020-02-17 20:50:53', '2020-02-17 20:50:53'),
(12, 'ဆောက်လုပ်ခွင့်ပြုမိန့်များ', 4, 0, '2020-02-17 20:50:53', '2020-02-17 20:50:53'),
(13, 'PR နှင့် Media ဆိုင်ရာများ', 5, 0, '2020-02-17 20:50:53', '2020-02-17 20:50:53'),
(14, 'Finance', 6, 0, '2020-02-17 20:50:53', '2020-02-17 20:50:53'),
(15, 'Account', 7, 0, '2020-02-17 20:50:53', '2020-02-17 20:50:53'),
(16, 'Cash & Assets ဆိုင်ရာများ', 8, 0, '2020-02-17 20:50:53', '2020-02-17 20:50:53'),
(17, 'Marketing Plan & Target', 9, 0, '2020-02-17 20:50:53', '2020-02-17 20:50:53'),
(18, 'Estate Management', 9, 0, '2020-02-17 20:50:53', '2020-02-17 20:50:53'),
(19, 'Budget & Schedule and Construction Plan', 10, 0, '2020-02-17 20:50:53', '2020-02-17 20:50:53'),
(20, 'Design & Technical Support', 10, 0, '2020-02-17 20:50:53', '2020-02-17 20:50:53'),
(21, 'Site Office Operation Plan PM PE AM', 10, 0, '2020-02-17 20:50:53', '2020-02-17 20:50:53'),
(22, 'Logistics Plan', 11, 0, '2020-02-17 20:50:53', '2020-02-17 20:50:53'),
(23, 'Admin ဆိုင်ရာများ', 13, 0, '2020-02-17 20:50:53', '2020-02-17 20:50:53'),
(24, 'HR ဆိုင်ရာများ', 14, 0, '2020-02-17 20:50:53', '2020-02-17 20:50:53'),
(25, 'IT Support', 15, 0, '2020-02-17 20:50:53', '2020-02-17 20:50:53');

-- --------------------------------------------------------

--
-- Table structure for table `cbp_subtasks`
--

CREATE TABLE `cbp_subtasks` (
  `id` int(10) UNSIGNED NOT NULL,
  `cbp_subtask` text COLLATE utf8mb4_unicode_ci NOT NULL,
  `cbp_id` int(10) UNSIGNED DEFAULT NULL,
  `status` int(11) DEFAULT 0,
  `created_at` timestamp NULL DEFAULT NULL,
  `updated_at` timestamp NULL DEFAULT NULL
) ENGINE=InnoDB DEFAULT CHARSET=utf8mb4 COLLATE=utf8mb4_unicode_ci;

--
-- Dumping data for table `cbp_subtasks`
--

INSERT INTO `cbp_subtasks` (`id`, `cbp_subtask`, `cbp_id`, `status`, `created_at`, `updated_at`) VALUES
(1, 'CCTV တပ်ဆင်ရပါမည်', 15, 0, '2020-02-17 20:50:53', '2020-02-17 20:50:53'),
(2, 'Internet Service ရအောင်လုပ်ရပါမည်', 15, 0, '2020-02-17 20:50:53', '2020-02-17 20:50:53'),
(3, 'SAP Support/SAP access ပြုလုပ်ပေးရပါမည်', 15, 0, '2020-02-17 20:50:53', '2020-02-17 20:50:53'),
(4, ' Infra Structure Service / Network Cable  ပြုလုပ်ရပါမည်။', 15, 0, '2020-02-17 20:50:53', '2020-02-17 20:50:53'),
(59, 'a', 1, 1, '2020-02-27 22:14:48', '2020-02-27 22:31:24'),
(60, 'v', 2, 0, '2020-02-27 22:14:57', '2020-02-27 22:14:57'),
(61, 'c', 3, 0, '2020-02-27 22:15:12', '2020-02-27 22:15:12'),
(62, 'd', 4, 0, '2020-02-27 22:15:19', '2020-02-27 22:15:19'),
(63, 'bg', 5, 0, '2020-02-27 22:15:26', '2020-02-27 22:15:26'),
(64, 'e', 6, 0, '2020-02-27 22:15:31', '2020-02-27 22:15:31'),
(65, 'df', 7, 0, '2020-02-27 22:15:39', '2020-02-27 22:15:39'),
(66, 'ad', 8, 0, '2020-02-27 22:15:46', '2020-02-27 22:15:46'),
(67, 'asd', 9, 0, '2020-02-27 22:16:04', '2020-02-27 22:16:04'),
(68, 'asd', 10, 0, '2020-02-27 22:16:10', '2020-02-27 22:16:10'),
(69, 'asdf', 11, 0, '2020-02-27 22:16:16', '2020-02-27 22:16:16'),
(70, 'asdfg', 12, 0, '2020-02-27 22:16:21', '2020-02-27 22:16:21'),
(71, 'qwer', 13, 0, '2020-02-27 22:16:27', '2020-02-27 22:16:27'),
(72, 'sdfgh', 14, 0, '2020-02-27 22:16:31', '2020-02-27 22:16:31'),
(73, 'asd', 16, 0, '2020-02-27 22:16:45', '2020-02-27 22:16:45'),
(74, 'sdfghjdfghqweryu', 22, 0, '2020-02-27 22:17:16', '2020-02-27 22:17:16'),
(75, 'sdcvbn', 23, 0, '2020-02-27 22:17:21', '2020-02-27 22:17:21'),
(76, 'wdfgop', 24, 0, '2020-02-27 22:17:26', '2020-02-27 22:17:26'),
(77, 'wertyuio', 25, 0, '2020-02-27 22:17:32', '2020-02-27 22:17:32');

-- --------------------------------------------------------

--
-- Table structure for table `departments`
--

CREATE TABLE `departments` (
  `dept_id` int(10) UNSIGNED NOT NULL,
  `dept_name` varchar(60) COLLATE utf8mb4_unicode_ci NOT NULL,
  `group_id` int(10) UNSIGNED NOT NULL,
  `created_at` timestamp NULL DEFAULT NULL,
  `updated_at` timestamp NULL DEFAULT NULL
) ENGINE=InnoDB DEFAULT CHARSET=utf8mb4 COLLATE=utf8mb4_unicode_ci;

--
-- Dumping data for table `departments`
--

INSERT INTO `departments` (`dept_id`, `dept_name`, `group_id`, `created_at`, `updated_at`) VALUES
(1, 'Chairman Office Department', 1, '2020-02-17 20:50:45', '2020-02-17 20:50:45'),
(2, 'Business Development & Planning Department', 1, '2020-02-17 20:50:45', '2020-02-17 20:50:45'),
(3, 'Project Development Department', 1, '2020-02-17 20:50:45', '2020-02-17 20:50:45'),
(4, 'Project Document Department', 1, '2020-02-17 20:50:45', '2020-02-17 20:50:45'),
(5, 'PR Department', 1, '2020-02-17 20:50:45', '2020-02-17 20:50:45'),
(6, 'Finance Department', 2, '2020-02-17 20:50:45', '2020-02-17 20:50:45'),
(7, 'Account Department', 2, '2020-02-17 20:50:45', '2020-02-17 20:50:45'),
(8, 'Cash & Fixed Assets Department', 2, '2020-02-17 20:50:45', '2020-02-17 20:50:45'),
(9, 'Sale & Marketing Department', 3, '2020-02-17 20:50:45', '2020-02-17 20:50:45'),
(10, 'Project Management Department', 4, '2020-02-17 20:50:45', '2020-02-17 20:50:45'),
(11, 'Logistics Department', 4, '2020-02-17 20:50:45', '2020-02-17 20:50:45'),
(12, 'Mechinery Department', 4, '2020-02-17 20:50:45', '2020-02-17 20:50:45'),
(13, 'Admin Department', 5, '2020-02-17 20:50:45', '2020-02-17 20:50:45'),
(14, 'HR Department', 5, '2020-02-17 20:50:45', '2020-02-17 20:50:45'),
(15, 'Monitoring & IT Support Department', 5, '2020-02-17 20:50:45', '2020-02-17 20:50:45'),
(16, 'zxczxc', 1, '2020-02-20 23:05:22', '2020-02-20 23:05:31'),
(17, 'asdasd', 3, '2020-02-21 00:31:33', '2020-02-21 00:31:33'),
(18, 'asdasd', 5, '2020-02-21 00:36:04', '2020-02-21 00:36:04'),
(19, 'asdasdasdasd', 3, '2020-02-21 00:36:43', '2020-02-21 00:36:43'),
(20, 'asd', 3, '2020-02-21 00:48:09', '2020-02-21 00:54:04');

-- --------------------------------------------------------

--
-- Table structure for table `employees`
--

CREATE TABLE `employees` (
  `emp_id` varchar(255) COLLATE utf8mb4_unicode_ci NOT NULL,
  `emp_name` varchar(60) COLLATE utf8mb4_unicode_ci NOT NULL,
  `emp_jobdesp` longtext COLLATE utf8mb4_unicode_ci NOT NULL,
  `emp_position` varchar(60) COLLATE utf8mb4_unicode_ci NOT NULL,
  `group_id` int(10) UNSIGNED NOT NULL,
  `subdept_id` int(10) UNSIGNED DEFAULT NULL,
  `dept_id` int(10) UNSIGNED DEFAULT NULL,
  `team_id` int(10) UNSIGNED DEFAULT NULL,
  `created_at` timestamp NULL DEFAULT NULL,
  `updated_at` timestamp NULL DEFAULT NULL
) ENGINE=InnoDB DEFAULT CHARSET=utf8mb4 COLLATE=utf8mb4_unicode_ci;

--
-- Dumping data for table `employees`
--

INSERT INTO `employees` (`emp_id`, `emp_name`, `emp_jobdesp`, `emp_position`, `group_id`, `subdept_id`, `dept_id`, `team_id`, `created_at`, `updated_at`) VALUES
('00000001', 'U Aung Min', '\r\n\r\n(က)	ကုမ္ပဏီ၏ နေ့စဉ်လုပ်ငန်းတာဝန်များကို ကြီးကြပ်ရန်။ \r\n\r\n( ခ )	အဖွဲ့အစည်းဆိုင်ရာ မူဝါဒများကို ပြုစုဖော်ဆောင်ရန်။ \r\n\r\n( ဂ )	မန်နေဂျာများသို့ ငွေကြေးများခွဲဝေပေးရန်။ \r\n\r\n(ဃ)	အုပ်ချုပ်ရေးဆိုင်ရာ ဘတ်ဂျက်များကို စီမံခန့်ခွဲရန်။ \r\n\r\n( င) 	အုပ်ချုပ်ရေးဆိုင်ရာ ဝန်ထမ်းများကို ခန့်အပ်ခြင်းနှင့် လေ့ကျင့်သင်ကြားပေးခြင်း လုပ် ဆောင်ရန်။ \r\n\r\n( စ )	ပစ္စည်းရောင်းချသူများနှင့် သက်ဆိုင်သောစာချုပ်များနှင့် သဘောတူညီချက်များကို ညှိနှိုင်းဆောင်ရွက်ရန်။\r\n\r\n (ဆ)	ကုမ္ပဏီအတွင်း ဆက်ဆံရေးများကို ထိန်းသိမ်းရန်။\r\n\r\n ( ဇ )	လုပ်ငန်းလည်ပတ်မှုအသုံးစရိတ်များကို စောင့်ကြည့်ရန်။ \r\n\r\n( ဈ)	ဝန်ထမ်းရေးရာဌာန၊ အခြားဌာနများနှင့် ညှိနှိုင်းဆက်ဆံဆောင်ရွက်ရန်။\r\n\r\n (ည)	Executive (စီမံခန့်ခွဲသူများ)၏ စီးပွားရေးစွမ်းဆောင်မှုများကို အစဉ်မှတ်တမ်းထားရန်။\r\n\r\n', 'Executive Director', 2, NULL, 15, NULL, '2019-09-04 05:14:05', '2019-10-10 05:13:12'),
('00000005', 'Daw Su Su Myat Aye', '\r\n\r\n(က)	ကုမ္ပဏီ၏ စွမ်းဆောင်နိုင်မှုနှင့် အန္တရယ်ရှိနိုင်သည့် အခြေအနေများကို ခွဲခြမ်းစိတ်ဖြာ လေ့လာပြီး ငွေကြေးဆိုင်ရာစီမံကိန်း ရေးဆွဲအကောင်အထည်ဖော်ရန်။\r\n\r\n( ခ )	ကုမ္ပဏီ၏ ငွေကြေးအခြေအနေကို အစဉ်သိရှိပြီး ငွေကြေးပြဿနာပေါ်ပေါက်နိုင် သည်များကိုကာကွယ်ရန်။\r\n\r\n ( ဂ )	ငွေကြေးဆိုင်ရာ ITစနစ်ကို တည်ထောင်ထားပြီး ကြီးကြပ်ရန်။\r\n\r\n(ဃ)	ငွေစာရင်းနှင့်ငွေကြေးဆိုင်ရာဝန်ထမ်းများ (စီမံခန့်ခွဲရေးဆိုင်ရာစာရင်းကိုင်များ၊ ကုမ္ပဏီ တွင်းစာရင်းစစ်များ)အာလုံးအတွက် လျာထားချက်များ သတ်မှတ်ပေးရန်နှင့်ကြီးကြပ်ရန်။\r\n\r\n( င )	စာရင်းစစ်ခြင်းနှင့် ကုမ္ပဏီတွင်း လုပ်ငန်းလည်ပတ်လုပ်ဆောင်မှုများကို ကြီးကြပ်ခြင်း။\r\n\r\n( စ )	ကုမ္ပဏီ(corporate)ငွေကြေးတည်ထောင်ခြင်းဆိုင်ရာ မဟာဗျူဟာရေးဆွဲဖော်ဆောင်ရန် နှင့် မိတ်ဖက်များ၊ရင်းနှီးမြှပ်နှံသူများနှင့် ဆက်ဆံရေးကို ကျွမ်းကျင်စွာ စီမံခန့်ခွဲဆောင် ရွက်ရန်။\r\n\r\n (ဆ)	လေးလပတ်နှင့် နှစ်ပတ်လည်ငွေကြေးဆိုင်ရာ အဝင်အထွက်အသေးစိတ် အစီရင်ခံ စာများကို အချိန်မီပြုစုတင်ပြရန်။\r\n\r\n( ဇ )	ခွဲခြားစိတ်ဖြာလေ့လာမှုများပြုလုပ်ပြီး အကြီးတန်းစီမံခန့်ခွဲသူများသို့ အစီရင်ခံတင်ပြရန်။\r\n\r\n( ဈ )	ငွေကြေးဆိုင်ရာဥပဒေများနှင့် လမ်းညွှန်ချက်များနှင့်အညီ အစဉ်လုပ်ဆောင်ရန်။\r\n\r\n', 'Managing Director', 1, NULL, NULL, NULL, '2019-09-04 05:14:05', '2019-10-10 05:14:02'),
('00000010', 'Daw Thi Thi Han', '\r\n\r\n1.	ငွေပေးငွေယူလုပ်ငန်းများဆောင်ရွက်ရန် \r\n\r\n2.	Cash Book နှင့် PV/RV များရေးသားရန်\r\n\r\n 3.	အရေးကြီးစာရွက်စာတမ်းများနှင့် သက်ဆိုင်သည်များ ထိန်းသိမ်းစစ်ဆေး စာရင်းသွင်းခြင်း \r\n\r\n4.	Fixed Assets နှင့် သက်ဆိုင်သည်များ ထိန်းသိမ်းစစ်ဆေးစာရင်းသွင်းခြင်း\r\n\r\n 5.	အလှူဆိုင်ရာမှတ်တမ်းများနှင့် စာရင်းများကိုင်တွယ် ဆောင်ရွက်ခြင်း\r\n\r\n', 'General Manager(HOD)', 2, NULL, NULL, NULL, '2019-09-10 06:04:31', '2019-10-10 05:15:01'),
('00000011', 'U San Lin', '\r\n\r\n(က)	နေရာချထားရေး၊ သိုလှောင်ရုံ၊ သယ်ယူပို့ဆောင်ရေးနှင့် Customer Services များကို စီမံခန့်ခွဲ ရန်အတွက် မဟာဗျူဟာ စီမံချက်များရေးဆွဲရန်။ \r\n\r\n( ခ )	ပစ္စည်းမှာယူမှုစက်ဝန်းကို ပူးပေါင်းဆောင်ရွက်ခြင်း၊ အကောင်းဆုံးထိရောက်မှု ရှိစေခြင်း နှင့် ညွှန်ကြားခြင်းများ လုပ်ဆောင်ရန်။\r\n\r\n ( ဂ )	ပစ္စည်းပေးသွင်းသူများ၊ ထုတ်လုပ်သူများ၊ လက်ကားရောင်းသူများ၊ ဖောက်သည်များနှင့် ဆက်သွယ်ညှိနှိုင်းမှု လုပ်ဆောင်ရန်။ \r\n\r\n(ဃ)	အရည်အသွေး၊ အရေအတွက်၊ ပစ္စည်းသိုလှောင်မှုအခြေအနေ၊ ပေးနိုင်မည့်/ ရနိုင်မည့် အချိန်၊ သယ်ယူပို့ဆောင်စရိတ်နှင့်သက်သာနိုင်မှုများကို စဉ်ဆက်မပြတ် လေ့လာနေရန်။ \r\n\r\n( င )	ကုန်လှောင်ရုံ၊ ပစ္စည်းများစာရင်းသွင်းခြင်း၊ ပို့ဆောင်မည့်လမ်းကြောင်းစီစဉ်ခြင်း၊ ပစ္စည်း ပို့ဆောင်ခြင်းများကို စီစဉ်ဆောင်ရွက်ရန်။ \r\n\r\n( စ )	ပြဿနာများနှင့် စောဒက တက်မှုများကို ဖြေရှင်းရန်။ \r\n\r\n(ဆ)	ကုန်လှောင်ရုံလုပ်သားများကို ကြီးကြပ်ကွပ်ကဲခြင်း၊ နည်းလမ်းပြခြင်းနှင့် သင်တန်းပေး ခြင်းလုပ်ဆောင်ရန်။ \r\n\r\n( ဇ )	ဈေးနှုန်း၊ ထုတ်လုပ်မှု၊ တိကျမှုနှင့် အချိန်မီရည်မှန်းချက်ရောက်မှုတို့ ဖြစ်နိုင်အောင် စီစဉ်ရန်။\r\n\r\n ( ဈ )	စွမ်းဆောင်ရည်အကဲဖြတ်ရန်နှင့် တိုးတက်မှုများ အကောင်အထည်ဖော်နိုင်ရန် စံနှုန်းများ ကို ထိန်းသိမ်းခြင်းနှင့် အချက်အလက်များကို ခွဲခြမ်းစိတ်ဖြာလေ့လာခြင်း လုပ်ဆောင်ရန်။ \r\n\r\n(ည)	ပြဋ္ဌာန်းဥပဒေများ၊ လုပ်ထုံးလုပ်နည်းများနှင့် ISO လိုအပ်ချက်များနှင့် အညီ လုပ်ဆောင်ရန်။\r\n\r\n', 'Manager', 4, NULL, 11, NULL, '2019-09-06 08:15:43', '2019-10-10 05:16:30'),
('00000017', 'U Tun Tun', '\r\n\r\n(၇) မိုင္ ႏွင့္ ပတ္သက္သည့္ အိမ္ရာမ်ားမွ လိုအပ္ခ်က္မ်ား ေဆာင္ရြက္ေပးျခင္း၊သန္႔ရွင္းသာယာေရး ေဆာင္ရြက္ေပးျခင္း။ \r\n\r\nအိမ္ရာေၾကးမ်ားေကာက္ခံျခင္း။ \r\n\r\nOffice 2A/2B ရွိ သစ္ပင္ပန္းမန္မ်ား စိမ္းစိုလွပ ေစရန္ ေဆာင္ရြက္ျခင္း ။\r\n\r\n  တယ္လီဖုန္း လိုင္းမ်ား ျပတ္ေတာက္ပါက လိုက္လံ ေဆာင္ရြက္ျခင္း ။\r\n\r\n ျမိတ္ ဆီအုန္းၿခံ မွ လိုအပ္ေသာကိစၥမ်ား ေဆာင္ရြက္ျခင္း ။\r\n\r\n', 'Manager', 5, 1, 13, 1, '2019-09-04 05:14:05', '2019-10-10 05:17:18'),
('00000047', 'U Phyo Ngwe Lwin', '\r\n\r\n-ရုံးလုပ်ငန်းများအတွက် ယာဉ်တောင်းခံမှုများ၊ ဖယ်ရီအသုံးပြုသူ ဝန်ထမ်းများ၊ VIP ကိစ္စရပ်များနှင့် OT ဆင်းသည့် ဝန်ထမ်းများအတွက် ယာဉ်စီစဉ်ပေးရခြင်း။\r\n\r\n -GPS စောင့်ကြည့် စစ်ဆေးခြင်း။ \r\n\r\n-ယာဉ်မတော်တဆမှုများ ဖြေရှင်းပေးရခြင်း။\r\n\r\n -ရုံးပိတ်ရက်များတွင် ယာဉ်မောင်များအား တာဝန်ချထားပေးခြင်း။\r\n\r\n -ယာဉ်ပျက်စီးမှုများ ပြင်ဆင်ရာတွင် စနစ်တကျဖြစ်စေရန် စီစဉ်ရခြင်း။ \r\n\r\n-ပြုပြင်ရမည့် ယာဉ်စာရင်းနှင့် အစိတ်အပိုင်းများအား သက်ဆိုင်ရာဌာနသို့ တင်ပြခွင့်ပြုချက်ရယူခြင်း။\r\n\r\n -ယာဉ်ပြင်ဆင်မှု စာရင်းများအား မှတ်တမ်းတင်ခြင်း။(PC & Book) \r\n\r\n-ပြင်ဆင်မှုများအား စာရင်းပြုလုပ်၍ ရုံးပိုင်းဆိုင်ရာ အဆင့်ဆင့်ဖြတ်ခြင်းဖြင့် ငွေတောင်းခံခြင်း။ \r\n\r\n-မော်တော်ယာဉ်များအား (အောက်ပိုင်း၊ အင်ဂျင်၊ အဲကွန်း၊ ဝါယာရိန်း၊ ဆေး/ဘော်ဒီ)များ ထိန်းသိမ်းခြင်း။ \r\n\r\n-ယာဉ်သန့်ရှင်းရေး ဆောင်ရွက်မှုများ စစ်ဆေးခြင်း။ -ယာဉ်သုံးစွဲမှုများ စနစ်တကျ ရှိစေရန်နှင့် ယာဉ်သန့်ရှင်းရေး ဆောင်ရွက်မှုများအား စစ်ဆေးခြင်း။\r\n\r\n -ယာဉ်လိုင်စင် သက်တမ်းတိုးခြင်းများအား စစ်ဆေးခြင်း။ \r\n\r\n-CM ဘုရားတက်ခြင်းကိစ္စရပ်များ ဆောင်ရွက်ပေးခြင်းနှင့် ပွဲများတွင် ဓာတ်ပုံမှတ်တမ်းရိုက်ကူးခြင်း။ \r\n\r\n-ရုံးပိတ်ရက်တွင် တာဝန်မှူး (Duty) ဆောင်ရွက်ရခြင်း။ \r\n\r\n-ယာဉ်သုံးစွဲမှုများ စနစ်တကျ ရှိစေရန်နှင့် ယာဉ်သန့်ရှင်းရေး ဆောင်ရွက်မှုများအား စစ်ဆေးခြင်း။ \r\n\r\n-ယာဉ်မောင်းများ ရုံးတက်/ဆင်း၊ ခွင့်/ပျက်ကွက်များအား စစ်ဆေးခြင်းနှင့် အစားထိုး စီစဉ်ခြင်း။ \r\n\r\n-နေ့စဉ် မော်တော်ယာဉ် ဆီဖိုးတင်တောင်းငွေများအား စီစစ် လက်မှတ်ထိုးပေးခြင်း။\r\n\r\n -CM ဘုရားတတ်ခြင်း ကိစ္စရပ်များ ဆောင်ရွက်ပေးရခြင်း။\r\n\r\n', 'Manager', 5, 5, 13, 5, '2019-09-04 05:14:05', '2019-10-10 05:18:46'),
('00000051', 'U San Phone Tint', '\r\n\r\nညွန်ကြားချက်များခံယူခြင်း\r\n\r\n (၁)  စီမံကိန်းများဆောင်ရွက်ရန်မူဝါဒများ၊အုပ်ချုပ်မှုနှင့်ဝန်ထမ်းရေးရာဆိုင်ရာမူဝါဒများခံယူခြင်း\r\n\r\n (၂) စီမံကိန်းအတွက် အသုံးပြုမည့် Budget နှင့် ပြီးစီးရမည့် Target များအတွက်ညွှန်ကြားချက်များတောင်းခံခြင်း။ တာဝန်ခွဲပေးအပ်ခြင်း \r\n\r\n (၁) သတ်မှတ်(ခွင့်ပြဒ)ဘတ်ဂျက်ပမာဏအတွင်းမှအချိန်မှီပြီးမြောက်စေရေးအတွက်လုပ်ငန်းခေါင်းစဉ်တစ်ခုစီအား      တာဝန်ယူမည့်ပုဂ္ဂိုလ်၊ ပြီးစီးရမည့်အချိန်၊ပြန်လည်သတင်းပေးပို့ရမည့်သူ၊ ဆုံဖြတ်ချက်ရယူရန်နည်းလမ်းများပါရှိသော      တိကျသည့်ညွှန်ကြားချက်များဖြင့်လက်အောက်ဌာနများအားတာဝန်ပေးအပ်ခြင်း။\r\n\r\n (၂) အရေးကြီးဆောင်ရွက်ရမည့်လုပ်ငန်းများအားသီးခြားခေါင်းစဉ်ဖြင့်ဖော်ထုတ်၍ပြီးစီးရမည့်အချိန်၊တာဝန်ယူမည့်ပုဂ္ဂိုလ်၊      ပြန်လည်သတင်းပေးပို့ရမည့်သူ၊ဆောင်ရွက်ရန်နည်းလမ်းများဖော်ပြ၍ ညွှန်ကြားချက်ထုတ်ပြန်ဆောင်ရွက်ခြင်း။ \r\n\r\n(၃) စီမံကိန်း Master Plan များ ရေဆွဲရန်အတွက် PD ဌာနများအားညွှန်ကြားချက်ပေးခြင်းနှင့်အတည်ပြုပေးခြင်း။ \r\n\r\n(၄) စီမံကိန်းများ၏လုပ်ငန်း၊ပစ္စည်းလိုအပ်ချက်များသတ်မှတ် Budget အတွင်းစာချုပ်ချုပ်ဆိုဖြည့်ဆည်းပေးနိုင်ရေး၊      သင့်တော်သောတနူန်းထားများဖြစ်စေရေးစသည့်မူဝါဒများဖြင့် contract များချုပ်ဆိုနိုင်ရန်ညွှန်ကြားချက်များပေးခြင်း။\r\n\r\n (၅) Concept Design များရရှိရေး၊၎င်း Concept အရ Construction Drawing များအချိန်မှီရရှိစေရေး၊မိမိတို့စီမံကိန်းများ       နှင့်သင့်တင့်မျှတသော Design များဖြစ်စေရေးစသည့်မူဝါဒများဖြင့် Design ဆိုင်ရာညွှန်ကြားချက်များချမှတ်ပေးခြင်း။\r\n\r\n (၆) စီမံကိန်းများအတွက်ရေးဆွဲထားသော Drawing & Specification များအတိုင်းအရည်အသွေးများ ပြည့်မှီစေရေး၊       မှတ်တမ်းများစနစ်တကျသိမ်းဆည်းရေး(Check List, Defect List) စသည့်မူဝါဒများဖြင့်ညွှန်ကြားခြင်း။\r\n\r\n (၇) တည်ဆောက်ရေးလုပ်ငန်းများအတွက်လိုအပ်မည့်ယာဉ်၊ ယန္တရားနှင့်ကွန်ကရစ်များ၊ Pile လုပ်ငန်းများစရိတ်သက်သာစွာ       ဖြင့် သတ်မှတ်အချိန်အတွင်းရရှိဆောင်ရွက်နိုင်ရေး၊ယာဉ်၊ယန္တရားများကြံခိုင်၍စွမ်းအားပြည့်လည်ပတ်နိုင်ရေး၊မိမိတို့ဌာန       တစ်ခုချင်းအလိုက်(Pile/Batching Plant/HMM)အရှုံးအမြတ်များနှင့်အတူချိန်ဆဆောင်ရွက်နိုင်စေရေးစသည့်မူဝါဒ       များဖြင့်တာဝန်ပေးအပ်ခြင်း။ ညှိနှိုင်းပေါင်းစပ်ခြင်းနှင့်အကောင်ထည်ဖော်ဆောင်ရွက်ခြင်း\r\n\r\n (၁) လုပ်ငန်းများအကောင်ထည်ဖော်ရာတွင် လိုအပ်သောခွင့်ပြုမိန့်ရရှိရေးကိစ္စ၊ Design လိုအပ်ချက်ကိစ္စတို့အတွက်သက်ဆိုင်       ရာ Design team ၊ PDD team တို့မှတာဝန်ခံများနှင့် PD Unit များအားပေါင်းစပ်ညှိနှိုင်းပေးခြင်းနှင့်ညွှန်ကြားချက်       များပေးခြင်း။ \r\n\r\n(၂) ပစ္စည်းလိုအပ်ချက်၊ လုပ်ငန်းကန်ထရိုက်တာလိုအပ်ချက်များအတွက် PD နှင့် Logistics Director ဌာနများအားပေါင်း      စပ်ညှိနှိုင်းပေးခြင်း၊အရေးကြီးပစ္စည်းများအတွက်ဆုံးဖြတ်ချက်များပေးခြင်း။ \r\n\r\n(၃) တည်ဆောက်ရေးလုပ်ငန်းအားလုံးအတွက် ကုမ္ပဏီမှချထားသော  Rule & Regulation များအတိုင်းအကောင်ထည်ဖော်       ဆောင်ရွက်ခြင်း။ \r\n\r\n(၄) စီမံကိန်းများ၏ အုပ်ချုပ်စီမံအပိုင်း (Admin) အား ကွင်းဆင်းစစ်ဆေးခြင်း၊မှတ်တမ်းတင်ခြင်းနှင့်လိုအပ်သည်များအရေး      ယူဆောင်ရွက်ခြင်း။ \r\n\r\n(၅) ခွင့်ပြုမိန့်ဆိုင်ရာ ကိစ္စရပ်များအတွက် PDD Department နှင့်ညှိနှိုင်းပေါင်းစပ်ခြင်း။ \r\n\r\n(၆) မိမိတို့တာဝန်ယူထားသည့်စီမံကိန်းများ၏SOP များသည်ကုမ္ပဏီ၏လိုအပ်ချက်များနှင့်ကိုက်ညီမှုရှိ/မရှိ စိစစ်ပြုပြင်ခြင်း။\r\n\r\n (၇) မိမိလက်အောက်ဌာနများ၏ လုပ်ငန်းကျွမ်းကျင်မှုနှင့်ဖွံ့ဖြိုးတိုးတက်မှုရှိစေရန်အတွက် DYMD,HR ဌာနတို့နှင့်ညှိနှိုင်း၍       လိုအပ်သောသင်တန်းများစီစဉ်ပေးခြင်း။\r\n\r\n (၈) အပတ်စဉ်/လစဉ် သက်ဆိုင်ရာဌာနများနှင့် ညှိနှိုင်းအစည်းအဝေးများတက်ရောက်ခြင်း။ ပြန်လည်သုံးသပ်ခြင်းနှင့်ထိန်းကြောင်းခြင်း \r\n\r\n(၁) လစဉ် စီမံကိန်းများ၏ သုံးစွဲပြီးငွေ၊ ပေးရန်ရှိငွေ (ကန်ထရိုက်တာ/ Supplier) ၊ဘတ်ဂျက်အရသုံးစွဲရန်ကျန်ငွေစာရင်းများ       အားပြန်လာ်သုံးသပ်ခြင်း။ \r\n\r\n(၂) စီမံကိန်းနှင့်သက်ဆိုင်သည့် ချုပ်ဆိုထားသည့်စာချုပ်များစာရင်း၊ စာချုပ်အရပေးချေပြီး၊ ပေးရန်ကျန်စာရင်းများအား      ပြန်လည်သုံးသပ်ခြင်းနှင့်ညွှန်ကြားချက်များပြုလုပ်ခြင်း။\r\n\r\n (၃) စီမံကိန်းနှင့်သက်ဆိုင်သည့်ချုပ်ဆိုထားသည့်စာချုပ်များစာရင်း၊ စာချုပ်အရပေးချေပြီး၊ ပေးရန်ကျန်စာရင်းများအား       ပြန်လည်သုံးသပ်ခြင်း။\r\n\r\n (၄) လုပ်ငန်းတိုးတက်မှုများ၊ လုပ်းငန်းစဉ်များအားအပတ်စဉ်၊ လစဉ်၊ သုံးသပ်စိစစ်ခြင်းနှင့်လိုအပ်သည့်လမ်းညွှန်ချက်များ       ပေးခြင်း။\r\n\r\n (၅) စီမံကိန်းအလိုက် တင်ပြထားသည့် Bill များ၊ ပေးပြီး Bill များအား ပြန်လည်သုံးသပ်၍အရေးယူညွှန်ကြားချက်များပေး      ခြင်း။ \r\n\r\n(၆) စီမံကိန်းများအတွက်ငွေကြေးသုံးစွဲမှုအခြေအနေ (Financial Statement) အားသုံးသပ်ခြင်းနှင့်လိုအပ်သောထိန်ကျောင်း      မှုများပြုလုပ်ခြင်း။ \r\n\r\n(၇) အရည်အသွေးဆိုင်ရာသတ်မှတ်ချက်များ၊ စစ်ဆေးမှုများအားပြန်လည်သုံးသပ်ညွှန်ကြားချက်များပေးခြင်း။\r\n\r\n (၈) ယန္တရားအသုံးပြုမှုနှင့်စီမံခန့်ခွဲမှုဆိုင်ရာ ကိစ္စရပ်များအားပြန်လည်သုံးသပ်ညွှန်ကြားချက်များပေးခြင်း။ \r\n\r\n(၉) Batching Plant Operation ကိစ္စရပ်များအားပြန်လည်သုံးသပ်ညွှန်ကြားချက်များပေးခြင်း။ \r\n\r\n(၁၀) လက်အောက်ဌာနများ၊ စီမံကိန်းများ၏ နားလည်တက်ကျွမ်းနှင့်စနစ်တကျရှိ/မရှိ အခါအားလျော်စွာစစ်ဆေးခြင်း။ (၁၁) မိမိ၏ကွပ်ကဲမှုအောက်ဌာနများ၊ ဘေးတိုက်ထိစပ်ရမည့်ဌာနများနှင့်အပတ်စဉ်၊လစဉ်လုပ်ငန်းညှိနှိုင်းအစည်းအဝေးများ         ကျင်းပခြင်း။ အရေးယူဆောင်ရွက်ခြင်း\r\n\r\n  (၁) လစဉ်စီမံကိန်းများ၏ သုံးစွဲပြီးငွေ၊ ပေးရန်ရှိငွေ (ကန်ထရိုက်တာ/Supplier) ဘတ်ဂျက်အရသုံးစွဲရန်ကျန်ငွေစာရင်းများ      တွင် ကျော်လွန်သုံးစွဲမှုများရှိပါက ပြန်လည်ကုစားနှိုင်မည့်နည်းလမ်းများအားPD,Logistics,Design Department       များပူးပေါင်းရှာဖွေစေခြင်း။ \r\n\r\n(၂) စာချုပ်ချုပ်ဆိုမှုများ၊ ပစ္စည်းထောက်ပံမှုများနှောင့်နေးနေပါက Project Director Unit, Logistic ဌာနတို့နှင့် ဆွေးနွေး      အဖြေရှာ၍ လိုအပ်သော အရေးယူ၊ညွှန်ကြားမှုများပြုလုပ်ခြင်း။ \r\n\r\n(၃) Bill ပေးချေမှုများတွင်အဆင်ပြေချေားမွေ့မှုမရှိပါက ဆွေးနွေးဆုံးဖြတ်ပေးခြင်း။ \r\n\r\n(၄) အရည်သွေးပိုင်းဆိုင်ရာ လိုအပ်ချက်များမပြည့်မှီပါက သက်ဆိုင်ရာစီမံကိန်းဒါရိုက်တာများ၊စီမံကိန်းမန်နေဂျာများ      တွေ့ဆုံ၍အားနည်းချက်များအားပြင်ဆင်ပေးခြင်း။ \r\n\r\n(၅) ယန္တရားများအသုံးပြုမှုသည်စီမံကိန်းများ၏လိုအပ်ချက်ပြည့်မှီမှုမရှိပါက လိုအပ်သည်များညွှန်ကြားခြင်း၊ Concrete       ထောက်ပံ့မှုအခြေနေများလုံလောက်မှုမရှိပါကဆောင်ရွက်ရန်မူဝါဒများချမှတ်ပေးခြင်း။\r\n\r\n (၆) လုပ်ငန်းတိုးတက်မှုများနှောင့်နှေးနေပါက ဆက်စပ်ဌာနများအားလုံးနှင့်ညှိနှိုင်းအဖြေရှာခြင်းနှင့်လိုအပ်သောအရေးယူ      ဆောင်ရွက်မှုများပြုလုပ်ခြင်း။\r\n\r\n (၇) မိမိလက်အောက်ဌာနများ၏ လုပ်ငန်းကျွမ်းကျင်မှု နှင့်ဖွံ့ဖြိုးတိုးတက်မှုရှိစေရန်အတွက် DYMD,HR ဌာနတို့နှင့်ညှိနှိုင်း၍       လိုအပ်သောသင်တန်းများစီစဉ်ပေးခြင်း။ အစီရင်ခံတင်ပြခြင်း\r\n\r\n  (၁) လုပ်ငန်းပိုင်းဆိုင်ရာအခက်အခဲများနှင့်တိုးတက်မှုဆိုင်ရာ Report များ၊မိမိဆုံးဖြတ်ပိုင်ခွင့်ထက်ကျော်လွန်၍ဆုံးဖြတ်ရ       မည့်ကိစ္စများအား DYMD ထံတင်ပြ၍လည်းကောင်း၊ Chairman ထံသို့တင်ပြ၍လည်းကောင်းဆုံးဖြတ်ချက်ရယူ၍       ထက်အောက် ထိတွေ့မှု စနစ်များဖြင့်ဆောင်ရွက်ခြင်း။\r\n\r\n (၂) စီမံကိန်းများအတွက် သတ်မှတ်ကာလများအလိုက် ငွေကြေးနှင့်အချိန်များလစဉ်အစီရင်ခံတင်ပြတောင်းခံခြင်း။ \r\n\r\n(၃) လစဉ်လုပ်ငန်းအနှစ်ချုပ်အစီရင်ခံစာအား DYMD နှင့်ဉက္ကဌထံတင်ပြခြင်း။\r\n\r\n', 'Executive Director', 4, NULL, NULL, NULL, '2019-09-04 05:14:05', '2019-10-10 05:22:00'),
('00000058', 'Daw Ei Ei Mon', '\r\n\r\n(က)	ထိရောက်ပြီးသွက်လက်သော Logistics ဆိုင်ရာသင်တန်းများ (လုံခြုံရေး၊ စိတ်ချ လုံခြုံစေမှု၊  လုပ်သားများအတွက်ပုံမှန်သင်တန်း) လုပ်ဆောင်ပေးရန်။ \r\n\r\n( ခ )	Logistics လုပ်သားအင်အားစု စုဆောင်းနိုင်ရေးအဖွဲ့အစည်းဆိုင်ရာ မဟာဗျူဟာကို ရေးဆွဲအကောင်အထည်ဖော်ရန်။ \r\n\r\n( ဂ )	အရည်အသွေးအာမခံလုပ်ငန်းစဉ်များနှင့် လုပ်ထုံးလုပ်နည်းများကို ဖော်ဆောင်ရန်။\r\n\r\n (ဃ)	ကုန်လှောင်ရုံတွင် သိုလှောင်ခြင်းနှင့် ပစ္စည်းပေးပို့ခြင်း အဆက်အသွယ်များကို ထိန်းသိမ်း ဆက်သွယ်ထားရန်။ \r\n\r\n( င )	ပစ္စည်းရရှိနိုင်မှုနေရာများ၊ ပို့ဆောင်မှုအခြေအနေများနှင့် ပစ္စည်းလက်ခံရရှိမှု အခြေ အနေများကို စီမံခန့်ခွဲခြင်းပြုလုပ်ရန်။ \r\n\r\n( စ )	မိမိအဖွဲ့အစည်း၏ Logistics လုပ်ငန်းစဉ်ဆိုင်ရာ စီးပွားရေးကျင့်သုံးမှုများကို ပြန်လည် သုံးသပ်ခြင်း၊ အကဲဖြတ်ခြင်း၊ စာရွက်စာတမ်းများပြုလုပ်ခြင်း၊ နောက်ဆုံးအခြေအနေများ ကိုသိရှိအောင်လုပ်ဆောင်ခြင်း၊ အခွင့်အလမ်းများကို အကျိုးရှိစွာအသုံးချခြင်းနှင့် အကျိုး မရှိသောဝန်ဆောင်မှုများကိုဖယ်ရှားခြင်း စသည်များလုပ်ဆောင်ရန်။\r\n\r\n', 'Director', 4, NULL, NULL, NULL, '2019-09-04 05:14:05', '2019-10-10 05:22:49'),
('00000064', 'Daw Chaw Ei San', '\r\n\r\n1.	MW OP 2.	Family \r\n\r\n3.	စီမံကိန်းအုပ်ချုပ်မှုဆိုင်ရာ စာရင်းအဖွဲ့ \r\n\r\n4.	ရုံးအုပ်ချုပ်မှုဆိုင်ရာ စာရင်းအဖွဲ့ \r\n\r\n5.	PDD စာရင်း (OP+Normal) \r\n\r\n6.	Networking Expenses \r\n\r\n7.	အလှူဆိုင်ရာစာရင်းများ\r\n\r\n', 'Sr. Manager', 2, NULL, 6, NULL, '2019-09-10 05:55:26', '2019-10-10 05:23:45'),
('00000069', 'U Paing Soe Aung', '\r\n\r\n1.	CM ၏ Document Store\r\n\r\n  2.	Schedule များပြုလုပ်ခြင်း 3.	စာဝင်/စာထွက်များ\r\n\r\n 4.	အစည်းအဝေးများစီစဉ်ခြင်းနှင့် မှတ်တမ်းရယူခြင်း\r\n\r\n 5.	လိုအပ်ချက်များ ပံ့ပိုးဖြည့်ဆည်းခြင်း\r\n\r\n 6.	ခရီးသွားလာခြင်း \r\n\r\n7.	CM ၏ လုပ်ငန်းများ လွယ်ကူလျင်မြန်စေရေး အထောက်အကူပြုရန် 8.	Project Business Plan များရေးဆွဲခြင်း/ Exit Plan များရေးဆွဲခြင်း\r\n\r\n 9.	လုပ်ငန်းများအုပ်ချုပ်မှုနှင့် စီမံခန့်ခွဲမှုဆိုင်ရာများ၊ မူဝါဒများရေးဆွဲခြင်း \r\n\r\n10.	ကုမ္ပဏီ SOP များချမှတ်ခြင်း၊ OGC များချမှတ်ခြင်း \r\n\r\n11.	အနာဂတ်ကာလ အခြေအနေများ၏ မှန်းဆချက်များပြုလုပ်ခြင်း \r\n\r\n12.	မိမိစီးပွားရေး ကဏ္ဍကြီးများအား အဝေးကြည့် သုံးသပ်ချက်များ ရှိစေရေး \r\n\r\n13.	လုပ်ငန်းအသစ်များလေ့လာရှာဖွေခြင်း \r\n\r\n14.	CM ၏ Special Mission များဆောင်ရွက်ခြင်း\r\n\r\n', 'Executive Director', 1, NULL, NULL, NULL, '2019-09-10 05:58:08', '2019-10-10 05:24:40'),
('00000070', 'Daw Than Than Soe', '(က) PD,PM,PE တိုနှင့် စီမံကိန်းတစ်ခုစီ၏ အကောင်ထည်ဖော်မည့်လုပ်ငန်းများအား Target Date အတွက်ညှိနှိုင်းရေးဆွဲခြင်း။ (ခ) နှစ်ပတ်တစ်ကြိမ် Target Date အတွက် Review ပြုလုပ်ခြင်း။ (ဂ) Preparation for Work Flow Chart of Weekly Presentation/ (ဃ) Master Schedule ရေးဆွဲခြင်း။ (င) Tracking on Master Schedule။ (စ) Progress Reporting to PD။ QS JD (Daw Thidar aung ) (က) RW/RM များအတွက် လိုအပ်သော BOQ များတွက်ထုတ်ပေးခြင်း။ (ခ) ရရှိလာသော Drawing များအရ BOQ များတွက်ထုတ်ခြင်း။ (ဂ) Contract များအရ BOQ များတွက်ထုတ်ခြင်း။ (ဃ) Government အပ်ရန် BOQ များတွက်ထုတ်ခြင်း။ (င) Marketing Scope အရ BOQ များခွဲတွက်ပေးခြင်း။ (စ) Account Department အတွက်လိုအပ်သော Internal BOQ Budget များတွက်ချက်ပေးခြင်း။ (ဆ) Site Actual အရ Bill များပြန်လည်တွက်ချက်ပေးခြင်း။ (စျ) ရံဖန်ရံခါ Project Director လိုအပ်ချက်အရကြိုတင်ခန့်မှန်း Budget များတွက်ပေးခြင်း။ (ည) Tender များအတွက် လိုအပ်ချက်အရ Urgent တွက်ချက်ပေးခြင်း။', 'AE', 4, NULL, 10, NULL, '2019-09-11 05:36:32', '2019-09-11 05:36:32'),
('00000076', 'Daw Thin Sandy Ye', '\r\n\r\n1.	စီမံကိန်းအသစ်များရှာဖွေခြင်း \r\n\r\n2.	စာချုပ် ချုပ်ဆိုခြင်း \r\n\r\n3.	စီမံကိန်းများနှင့် စပ်လျဉ်းသည့် အစိုးရပိုင်းဆိုင်ရာ တင်ပြရှင်းလင်းခြင်းများ \r\n\r\n4.	အစိုးရဌာနမျာ\r\n\r\nး 5.	YCDC\r\n\r\n 6.	EPC \r\n\r\n7.	DHSHD \r\n\r\n8.	ပါမစ်နှင့်ခွင့်ပြုမိန့်များ \r\n\r\n9.	စီမံကိန်းတစ်ခုစီ၏ စ/လယ်/ဆုံး အခြေအနေများအား ကြီးကြပ်ကွပ်ကဲခြင်း၊ Report ထုတ်ခြင်း \r\n\r\n10.	စီမံကိန်းတစ်ခုစီနှင့် သက်ဆိုင်သမျှသော ဌာနဖြင့် ဆက်သွယ်ဆောင်ရွက်ခြင်း\r\n\r\n 11.	အလျားလိုက် ကြီးကြပ်ကွပ်ကဲခြင်း\r\n\r\n', 'Director', 1, NULL, NULL, NULL, '2019-09-04 05:14:05', '2019-10-10 05:25:38'),
('00000077', 'U Aung Kaung Myat', '\r\n\r\n-CCTV System၊ Network System၊ IPPBX System များအား ထိန်းသိမ်းစောင့်ရှောက်ကိုင်တွယ်ဖြေရှင်းပေးခြင်း။ \r\n\r\n-Computer Service အပိုင်းအား စီမံခန့်ခွဲပေးခြင်း။ \r\n\r\n-ကုမ္ပဏီအတွက်လိုအပ်သော IT Support ပစ္စည်းများကို ရှာဖွေပေးခြင်း၊ Comparison ပြုလုပ်ပေးခြင်း။ \r\n\r\n-Internet ISP Company များ ရှာဖွေပေးခြင်း။ \r\n\r\n-IT ဌာန၏ စာဝင်/စာထွက်နှင့် Admin ပိုင်းဆိုင်ရာ ကိစ္စရပ်များကို ကိုင်တွယ်ဆောင်ရွက်ပေးခြင်း။ \r\n\r\n-Storage System တွင် User Permission များ ဆောင်ရွက်ပေးခြင်း၊ User Account Creating ပြုလုပ်ပေးခြင်း၊ Storage System Monitoring ပြုလုပ်ခြင်း။ \r\n\r\n-Company Domain Name ဖြင့် Email Account များ Create ပြုလုပ်ခြင်း။ \r\n\r\n-Firewall Management ဆောင်ရွက်ပေးခြင်း။\r\n\r\n', 'Manager', 5, NULL, 15, NULL, '2019-09-09 06:25:14', '2019-10-10 05:26:35'),
('00000082', 'Daw Kyaung Kyaung Nwe', '\r\n\r\nစီမံကိန်းဒါရိုက်တာ PD သည် မိမိဆောင်ရွက်ရသော တာဝန်များကို အမှုဆောင်ဒါရိုက်တာ (ED) ထံ သတင်းပို့ အစီရင်ခံ တင်ပြရမည်။ \r\n\r\n(က)	မိမိတာဝန်ယူ ဆောင်ရွက်ရသည့် စီမံကိန်း၏ သမိုင်းကြောင်း အကျဉ်းချုပ်ကို သိရှိရန် စာဖြင့်ပြုစုထားခြင်း။ \r\n\r\n(ခ )	ကုမ္ပဏီ၏ OGC အရပေးအပ်သော တာဝန်များ၊ ED နှင့် BODs မှ ပေးအပ်သော လုပ်ငန်းတာဝန်များ၊ အခါအားလျှော်စွာပေးအပ်လာသော လုပ်ငန်းတာဝန်များ သတ်မှတ်(ခွင့်ပြု) ဘတ်ဂျက်ပမာဏအတွင်းမှ အချိန်မီ ပြီးမြောက်စေရေးအတွက် လုပ်ငန်းခေါင်းစဉ် တစ်ခုစီအား တာဝန်ယူမည့် ပုဂ္ဂိုလ်၊ ပြီးစီးရမည့် အချိန်၊ ပြန်လည်သတင်းပို့ရမည့်သူ၊ ဆုံးဖြတ်ချက်ရယူရန် နည်းလမ်းများပါရှိသော တိကျသည့် ညွှန်ကြားချက်များဖြင့် လက်အောက်ဝန်ထမ်းများအား တာဝန်ပေးအပ်ခြင်း။\r\n\r\n (ဂ )	လုပ်ငန်းညွှန်ကြားချက်ခံယူခြင်း၊ လုပ်ငန်းပိုင်းဆိုင်ရာအခက်အခဲများနှင့် တိုးတက်မှုဆိုင်ရာ Report များ၊ မိမိဆုံးဖြတ်ပိုင်ခွင့်ထက် ကျော်လွန်၍ ဆုံးဖြတ်ရမည့် ကိစ္စများအား ED ထံတင်ပြ၍ လည်းကောင်း၊ ကော်မတီသို့ တင်ပြ၍လည်းကောင်း ဆုံးဖြတ်ချက်ရယူရန်နှင့် ထက်အောက်ထိတွေ့မှုစနစ်များဖြင့် ဆောင်ရွက်ခြင်း။ \r\n\r\n(ဃ)	အရေးတကြီး ဆောင်ရွက်ရမည့် လုပ်ငန်းများ၊ နောက်ကျနေသည့် လုပ်ငန်းများအား သီးခြားခေါင်းစဉ် ဖြင့် ဖော်ထုတ်၍ ပြီးစီးရမည့် အချိန်၊ တာဝန်ယူရမည့်ပုဂ္ဂိုလ်၊ ပြန်လည်သတင်းပို့ရမည့်သူ၊ ဆောင်ရွက်ရန် နည်းလမ်းများ ဖော်ပြ၍ ညွှန်ကြားချက် ထုတ်ပြန်ဆောင်ရွက်ရန်။\r\n\r\n (င )	တည်ဆောက်ရေးလုပ်ငန်းများအတွက် ကုမ္ပဏီမှ ချမှတ်ထားသော Rule & Regulation များအတိုင်း အကောင်အထည်ဖော် ဆောင်ရွက်ခြင်း။ \r\n\r\n(စ )	လုပ်ငန်းများအကောင်အထည်ဖော်ရာတွင် လိုအပ်သော ခွင့်ပြုချက်ရရှိရေးကိစ္စ၊ Design လိုအပ်ချက် ကိစ္စတို့အတွက် သက်ဆိုင်ရာ Design team, PDD team တို့မှ တာဝန်ခံများနှင့် ဘေးတိုက်ထိတွေ့ ဆက်ဆံသည့်စနစ်ဖြင့် ဆောင်ရွက်ခြင်း။\r\n\r\n (ဆ)	စီမံကိန်းများ၏ Master Plan များ စီစဉ်ဆောင်ရွက်ထားခြင်း၊ Design ပုံစံများကို လေ့လာ၍ Design Briefing အစည်းအဝေးများ ဆောင်ရွက်ခြင်း။\r\n\r\n (ဇ )	စီမံကိန်းတစ်ခုလုံး၏ Target Budget ကို သိရှိရန် စီစဉ်ဆောင်ရွက်ထားခြင်း၊ လုပ်ငန်းခေါင်းစဉ်အကြီး/ အသေးအလိုက်Budget များသတ်မှတ်ထားခြင်း။ \r\n\r\n(ဈ )	ပစ္စည်းလိုအပ်ချက်၊ လုပ်ငန်းကန်ထရိုက်တာ လိုအပ်ချက်များအတွက် Logistics AGM နှင့် ထက်အောက် ထိတွေ့သည့် စနစ်ဖြင့် ဆောင်ရွက်ခြင်း။\r\n\r\n (ည)	လစဉ်စီမံကိန်းများ၏ သုံးစွဲပြီးငွေ၊ ပေးရန်ရှိငွေ (ကန်ထရိုက်တာ/Supplier)၊ ဘတ်ဂျက်အရ သုံးစွဲရန် ကျန်ငွေစာရင်းများ၊ Report များ ထားရှိရန်/ \r\n\r\n(ဋ )	စီမံကိန်းနှင့်သက်ဆိုင်သည့် ချုပ်ဆိုထားသည့် စာချုပ်စာရင်းများ၊ စာချုပ်အရပေးချေပြီး၊ ပေးရန်ကျန် စာရင်းများ သိရှိအောင်ဆောင်ရွက်ထားခြင်း။\r\n\r\n (ဌ )	မိမိတို့တာဝန်ယူထားရသည့် စီမံကိန်းများ၏ SOP များသည် ကုမ္ပဏီမှ ချမှတ်ထားသော SOP များနှင့် ကိုက်ညီမှု ရှိ/မရှိ အမြဲစစ်ဆေးနေရန်။\r\n\r\n (ဍ )	မိမိလက်အောက် ဝန်ထမ်းများ လုပ်ငန်း ကျွမ်းကျင်မှုနှင့် ဖွံ့ဖြိုးတိုးတတ်မှု ရရှိစေရန်အဝွက် ED, HR ဌာနတို့နှင့် ညှိနှိုင်း၍ လိုအပ်သော သင်တန်းများ စီစဉ်ပေးခြင်း။\r\n\r\n (ဎ )	မိမိလက်အောက်ဝန်ထမ်းများ၏ လူမှုရေးကိစ္စ ကူညီပံ့ပိုးပေးရေး လုပ်ငန်းများကို လိုအပ်သလို စီမံ ဆောင်ရွက်ပေးနိုင်ရေး ဆောင်ရွက်ပေးခြင်း။\r\n\r\n (ဏ)	တည်ဆောက်ရေး Mission တာဝန်များအား နေ့စဉ်အသေးစိတ် တိုးတက်မှု အခြေအနေကို သိရှိအောင် ဆောင်ရွက်ခြင်း။ \r\n\r\n(တ)	အပတ်စဉ် လုပ်ငန်းတိုးတက်မှု အစီရင်ခံစာအား ED ထံတင်ပြရန်နှင့် ED ၏ Report အတွက် လိုအပ်သောအချက်အလက်များကို ပံ့ပိုးပေးခြင်း။ \r\n\r\n (ထ)	အပတ်စဉ် ကျင်းပသော သက်ဆိုင်ရာကော်မတီ အစည်းအဝေးများအား ပါဝင်တက် ရောက်ဆွေးနွေးခြင်း။\r\n\r\n', 'Project Director', 4, NULL, NULL, NULL, '2019-09-04 05:14:05', '2019-10-10 05:27:54'),
('00000085', 'U Khin Mg Win', '\r\n\r\n-နံနက်(၇:၀၀) နာရီအချိန်တွင် Office (2A)ရုံးတွင်း/ပြင် လှည့်လည် စစ်ဆေး၍ ထူးခြားဖြစ်စဉ်များရှိပါက မန်နေဂျာသို့ တင်ပြခြင်း။ \r\n\r\n-Office (2A) နှင့် Toiletရှိ သန့်ရှင်းရေးဝန်ထမ်းများ၏ လုပ်ငန်းဆောင်ရွက်နေမှု အခြေအနေများကို လိုက်လံကြည့်ရှု့စစ်ဆေး၍ လိုအပ်ချက်များရှိပါက ထပ်မံဆောင်ရွက်စေခြင်း။ \r\n\r\n-Toilet ရှိ ရေပန်းခေါင်များ၊ဆီးခွက်အတွင်း ပရုပ်လုံးရှိ/မရှိ ၊လက်ဆေးခွက်ရှိရေခေါင်းများကောင်း/မကောင်း၊ Tissue များ၊ လက်ဆေးဆပ်ပြာရည်များ ရှိ/မရှိ စစ်ဆေးခြင်း။ \r\n\r\n-ဝန်ထမ်းများ၏ လိုအပ်ချက်များ ရှိပါက စီစဉ်ဆောင်ရွက်ပေးခြင်း။ \r\n\r\n-အလုပ်သမားများ လိုအပ်ပါက ပြင်ပမှ အလုပ်သမားများအား ဌားရမ်း၍ ကြီးကြပ်ဆောင်ရွက်ပေးခြင်း။\r\n\r\n -အခါအားလျောစွာ ကျင်းပပြုလုပ်သော အိမ်ရာအရောင်းပြပွဲများနှင့် အပတ်စဉ် ကျင်းပပြုလုပ်သော ဘာသာရေးပွဲများတွင် အခမ်းအနားပြင်ဆင်ခြင်း လုပ်ငန်းများအား ပူးပေါင်းကူညီဆောင်ရွက်ခြင်း။ \r\n\r\n-အထက်လူကြီးများ၏ လုပ်ငန်းလိုအပ်ချက်အရ ပေါ်ပေါက်လာသော လုပ်ငန်းတာဝန်များအား ပူးပေါင်းဆောင်ရွက်ခြင်း။\r\n\r\n', 'Supervisror', 5, 4, 13, 4, '2019-09-04 05:14:05', '2019-10-10 05:28:44'),
('00000086', 'U Saw Bo Bo Tun', '\r\n\r\n1.	စီမံကိန်းအလိုက်အမှာစာကိုင်တွယ်ရန် \r\n\r\n2.	အမှာစာပါပစ္စည်း၊ ကန်ထရိုက်တာအမျိုးအစား၊ Budget နှင့်အချိန် ရှင်းလင်းစွာသိရန် \r\n\r\n3.	အမှာစာအား တာဝန်ယူသည့် အဖွဲ့ခေါင်းဆောင်နှင့် ဝန်ထမ်းအမည် ပါဝင်စေရန် \r\n\r\n4.	ပစ္စည်းမှာယူ ကန်ထရိုက်တာခန့်အပ်ခြင်း\r\n\r\n 5.	စာချုပ်တစ်ခုစီအား History File များဖြင့် ထိန်းသိမ်းထားရန်\r\n\r\n 6.	ငွေပေးချေခြင်းလုပ်ငန်းများ ဆောင်ရွက်ရန်အတွက် Bill များပြင်ဆင်ပေးရန် \r\n\r\n7.	ဆိုဒ်ထဲရှိ မလိုအပ်သော ပစ္စည်းများ ပြန်လည်သိမ်းဆည်း၍ Main Store တွင်ထိန်းသိမ်းခြင်းနှင့် လိုအပ်သလို ပြန်ထုတ်ပေးရန်\r\n\r\n', 'General Manager', 4, NULL, 11, NULL, '2019-09-10 06:00:17', '2019-10-10 05:30:40'),
('00000090', 'U Si Tun Aung', '\r\n\r\n(၁)ကုမ္ပဏီ၏ Software ပိုင်းဆိုင်ရာများ၊ Hardware ပိုင်းဆိုင်ရာများ ကူညီဖြေရှင်းပေးခြင်းတွင် လိုအပ်သည်များ ကူညီပံ့ပိုးပေးရန်၊ စီမံကွပ်ကဲပေးခြင်း။ \r\n\r\n(၂)Data Serve များ၏ Software ပိုင်းဆိုင်ရာလုံခြုံရေး၊ Hardwareပိုင်းဆိုင်ရာလုံခြုံရေး(၂)ခုလုံးအား စနစ်တကျ စီမံကွပ်ပဲဆောင်ရွက်ခြင်း။\r\n\r\n (၃)CCTV Data များအား စနစ်တကျသိမ်းဆည်းယူခြင်း၊ Storage ပြုလုပ်ခြင်းကိစ္စရပ်များကို စနစ်တကျ စီမံကွပ်ကဲဆောင်ရွက်ခြင်း။ \r\n\r\n(၄)ကုမ္ပဏီ၏ Website & Email Control စနစ်များကို ပုံမှန် Update ပြုလုပ်ခြင်းနှင့် လုံခြုံမှုရှိစေရေးကို စနစ်တကျ စီမံကွပ်ကဲဆောင်ရွက်ပေးခြင်း။ \r\n\r\n(၅)SAP User Support ကိစ္စများ၊ SAP Function Support ပေးခြင်းကိစ္စများ ၊SAP Report များထုပ်ပေးခြင်း၊ SAP Data Back-up များ ပြုလုပ်ခြင်း၊ SAP Server & Data Base များ Checkပြုလုပ်ပေးခြင်းကိစ္စများ၊ SAP Server Log Check များ ပြုလုပ်ခြင်းကိစ္စများအား စနစ်တကျရှိစေရန် စီမံကွပ်ကဲဆောင်ရွက်ခြင်း။\r\n\r\n(၆)Internet Service အကျိုးတူလုပ်ငန်းများအား အကောင်အထည်ဖော် ဆောင်ရွက်ပေးခြင်း။\r\n\r\n(၇)Monitoring Software Develop ပြုလုပ်ခြင်းအတွက် လိုအပ်သည်များကို ပံ့ပိုးကူညီဆောင်ရွက်ပေးခြင်း။ (၈)လိုအပ်သော Report အဆင့်ရောက်သည်အထိ လိုအပ်သော ပြင်ဆင်မှုများ၊ Update ပြုလုပ်မှုများကို ပံ့ပိုးကူညီဆောင်ရွက်ပေးခြင်း။ \r\n\r\n(၉)Monitoring Software အသုံးပြုမှုများအတွက် လိုအပ်သည်များကို ပံ့ပိုးကူညီရှင်းလင်းပေးခြင်း။ \r\n\r\n(၁၀)Department တစ်ခုစီ၊ လူတစ်ဦး၏ ဆောင်ရွက်ချက်များအား Report ပေးခြင်းအတွက် စနစ်တကျ စီမံကွပ်ကဲဆောင်ရွက်ခြင်း။\r\n\r\n (၁၁)ဌာနအတွင်းရှိ ဝန်းထမ်းများ၏ လုပ်ငန်းဆောင်ရွက်ပြီးစီးမှုများအား စီမံကွပ်ကဲစစ်ဆေးခြင်း။\r\n\r\n', 'Manager(HOD)', 5, NULL, 15, NULL, '2019-09-09 06:41:24', '2019-10-10 05:32:33'),
('00000094', 'U Soe Htay', '\r\n\r\nသား၊ငါး ၀ယ္မႈအား စစ္ေဆးျခင္း။ \r\n\r\nသား၊ငါး ဟင္းသီးဟင္းရြက္ မ်ားေဆးေၾကာသန္႔စင္ျခင္းအား ႀကီးၾကပ္ ေဆာင္ရြက္ျခင္း ။ \r\n\r\nနံနက္စာ၊ေန႔လည္စာ၊ညစာ၊OT အတြက္ ခ်က္ျပဳတ္မႈ အား ႀကီးၾကပ္ျခင္း ။\r\n\r\n ေစ်း၀ယ္ပစၥည္း စာရင္းမ်ား စစ္ေဆးျခင္း ။\r\n\r\n', 'Manager', 5, 1, 13, 1, '2019-09-04 05:14:05', '2019-10-10 05:33:36'),
('00000100', 'Daw Thet Thet Aye', '\r\n\r\n(က) RW/RM များအတွက် WBS Code များစီစစ်ထည့်ပေးခြင်း။\r\n\r\n (ခ) Shopping List တွင် RW/RM များအား QS တွက်ချက်မှု Data များနှင့် တူညီမှု ရှိ/မရှိ စစ်ဆေးပေးခြင်း။ \r\n\r\n(ဂ) Archi မှ အသုံးပြုထာသော Material Specification များအား စျေးကွက်တွင်ရှိ/မရှိ နှင့် Class မြင့်နေမှုအား      သက်ဆိုင်ရာသို့တင်ပြပြီး Designer နှင့် ဆွေးနွေးညှိနှိုင်းခြင်း။ \r\n\r\n(င) Site မှ တက်လာသော Material Issue များအား Logistic Department နှင့် ဆွေးနွေးညှိနှိုင်းပေးခြင်း။\r\n\r\n', 'Assistant General Manager', 4, NULL, 10, NULL, '2019-09-11 05:44:05', '2019-10-10 05:36:13'),
('00000147', 'Daw Hay Man Min Maw', '\r\n\r\n-AP/AR များ စဉ်ဆက်မပြတ်စောင့်ကြည့်စစ်ဆေးပေးရန်။ -Bookkeeping နှင့် Account Reports များ အမှားအယွင်းမရှိစေရန် စစ်ဆေးပေးခြင်း။\r\n\r\n -Expenses & Cash Control အတွက် စီစစ် စစ်ဆေးပေးခြင်း။\r\n\r\n -Marketing Department အတွက် လိုအပ်သော Petty Cash နှင့် Expenses များ စစ်ဆေးထုတ်ပေးခြင်းနှင့် Report ထုတ်ပေးခြင်း။ \r\n\r\n-Contract တွင် ပါဝင်သော ငွေပေးချေးမှု ပမာဏများ၊ အချိန်ကာလများ အမှားအယွင်းမရှိစေရန် စီစစ်ပေးခြင်း။\r\n\r\n -Instalments ပေးသွင်းရန် အချိန်ကာလများအလိုက် ငွေတောင်းခံခြင်းနှင့် အတိုးနှုန်းများ တွက်ချက်ခြင်း။\r\n\r\n -ရောင်းချလိုက်သော အိမ်များနှင့် သက်ဆိုင်သော RV and Invoice control ဆောင်ရွက်ပေးခြင်း။\r\n\r\n -SOLD / UNSOLD Units များ၏ Record များကိုး စောင့်ကြည့်စစ်ဆေးခြင်း။\r\n\r\n -Weekly/Monthly Report များတွင် ပေးရန်၊ ရရန် Reports များ စစ်ပေးခြင်း။ \r\n\r\n-SAP System အတွက် လိုအပ်သည်များ ကူညီပံ့ပိုးပေးခြင်း။\r\n\r\n-Sales Target & Budget များရေးဆွဲရာတွင် ကူညီဖော်ဆောင်ပေးခြင်း။ \r\n\r\n-Finance Department ၏ လိုအပ်ချက်များအရ လိုအပ်သည်များ ပံ့ပိုးပေးခြင်း။\r\n\r\n -ရောင်းစျေးတွက်ခြင်း၊ Discount တွက်ပေးခြင်း၊ ကြိုပေးငွေ အတိုးတွက်ပေးခြင်း။\r\n\r\n -Month-End and Year-End Report များ ကူညီရေးဆွဲပေးခြင်း။\r\n\r\n', 'Senior Accountant', 3, NULL, 9, NULL, '2019-09-10 06:08:48', '2019-10-10 05:37:46'),
('00000167', 'U Aye Win', '\r\n\r\n-နံနက်(၈:၀၀)နာရီမှ (၉:၀၀)နာရီအတွင်း Sector(1)မှSector(5)ဧရိယာအတွင်းရှိ Gate များအား လှည့်လည်စစ်ဆေးခြင်း။ \r\n\r\n-နံနက်(၉:၀၀)နာရီ အချိန်တွင် ဂိတ်များ စစ်ဆေးပြီ: မင်္ဂလာပါရမီစေတီအား တက်ရောက်ကြည့်ရှု့ပြီး ဘုရားလုံခြုံရေ:၊သန့်ရှင်းရေး လိုအပ်သည်များ ညွန်ကြားခြင်း။ \r\n\r\n-နံနက်(၉:၀၀)နာရီခွဲအတွင်း ညပတ်ကင်းအစီရင်ခံစာအား ဖတ်ရှု့ခြင်း။ \r\n\r\n-Sector အသီးသီး၏ အလုပ်သမားများ အဝင်/အထွက် စာရင်းအား ကြည့်ရှု့ခြင်း စီမံရေးရာဌာနသို့ ဆက်လက်တင်ပြခြင်း။\r\n\r\n -လုံခြုံရေးဝန်ထမ်းများအတွက် လိုအပ်သည့်ဝတ်စုံများ တင်ပြခြင်း။ \r\n\r\n-လုံခြုံရေးဝန်ထမ်း တောင်းခံမှုများအား စိစစ်ဖြည့်တင်းပေးခြင်း။\r\n\r\n -ညနေ့(၁၇:၀၀)နာရီမှ(၁၈:၀၀)နာရီအတွင်း Gate များသို့ လှည့်လှည်စစ်ဆေးခြင်း။\r\n\r\n', 'Manager', 5, 6, 13, 6, '2019-09-04 05:14:05', '2019-10-10 05:38:39'),
('00000168', 'Daw Khin Thazin', '\r\n\r\n-Office(2A) အစည်းအဝေးပွဲများအတွက် ပြင်ဆင်ပေးခြင်း(ရေ၊ ရေနွေး၊ ကော်ဖီ၊ မုန့်)။ \r\n\r\n-ဧည့်တွေ့လိုသူနှင့် ဌာနတာဝန်ခံများအား အချိန်နှင့်တပြေးညီ ချိတ်ဆက်ပေးခြင်း။\r\n\r\n -Phone Book နှင့် ဧည့်မှတ်တမ်းများ ထားရှိခြင်း။\r\n\r\n -ပြင်ပမှ ဆက်သွယ်လာသော ဖုန်းများအား သက်ဆိုင်ရာဌာန/ဝန်ထမ်းများသို့ လွှဲပြောင်းပေးခြင်း(သို့)ဖုန်းလက်ခံသူ မရှိပါက Reception တွင် သေချာလက်ခံထား၍ သက်ဆိုင်ရာဌာန/ဝန်ထမ်းများသို့ သတင်းပို့ခြင်း။ \r\n\r\n-Meeting Room များ သန့်ရှင်းသပ်ရပ်မှု ရှိစေရန် စစ်ဆေးရခြင်း။\r\n\r\n -ဧည့်သည် ဧည့်ခံကျွေးမွေးရန်နှင့် ပတ်ဝန်းကျင်သန့်ရှင်းမှုအား ထိန်းသိမ်းကြီ:ကြပ်ခြင်း။\r\n\r\n -အပတ်စဉ် ကြာသပတေးနေ့တိုင်း ဝတ်ရွတ်အဖွဲ့များအား ကျွေးမွေးရေး ဆောင်ရွက်ခြင်း။ \r\n\r\n-အိမ်ရာအရောင်းပြပွဲများရှိပါက ဝိုင်းဝန်းကူညီဆောင်ရွက်ပေးခြင်း။\r\n\r\n', 'Receptionist', 5, 2, 13, 2, '2019-09-04 05:14:05', '2019-10-10 05:39:27'),
('00000169', 'Daw Shwe Yee Phoo', '\r\n\r\n-Office(2A) အစည်းအဝေးပွဲများအတွက် ပြင်ဆင်ပေးခြင်း(ရေ၊ ရေနွေး၊ ကော်ဖီ၊ မုန့်)။ \r\n\r\n-ဧည့်တွေ့လိုသူနှင့် ဌာနတာဝန်ခံများအား အချိန်နှင့်တပြေးညီ ချိတ်ဆက်ပေးခြင်း။ \r\n\r\n-Phone Book နှင့် ဧည့်မှတ်တမ်းများ ထားရှိခြင်း။\r\n\r\n -ပြင်ပမှ ဆက်သွယ်လာသော ဖုန်းများအား သက်ဆိုင်ရာဌာန/ဝန်ထမ်းများသို့ လွှဲပြောင်းပေးခြင်း(သို့)ဖုန်းလက်ခံသူ မရှိပါက Reception တွင် သေချာလက်ခံထား၍ သက်ဆိုင်ရာဌာန/ဝန်ထမ်းများသို့ သတင်းပို့ခြင်း။\r\n\r\n -Meeting Room များ သန့်ရှင်းသပ်ရပ်မှု ရှိစေရန် စစ်ဆေးရခြင်း။\r\n\r\n -ဧည့်သည် ဧည့်ခံကျွေးမွေးရန်နှင့် ပတ်ဝန်းကျင်သန့်ရှင်းမှုအား ထိန်းသိမ်းကြီ:ကြပ်ခြင်း။\r\n\r\n -အပတ်စဉ် ကြာသပတေးနေ့တိုင်း ဝတ်ရွတ်အဖွဲ့များအား ကျွေးမွေးရေး ဆောင်ရွက်ခြင်း။ \r\n\r\n-အိမ်ရာအရောင်းပြပွဲများရှိပါက ဝိုင်းဝန်းကူညီဆောင်ရွက်ပေးခြင်း။\r\n\r\n', 'Receptionist', 5, 2, 13, 2, '2019-09-04 05:14:05', '2019-10-10 05:40:08'),
('00000191', 'U Nyein Chan Lin', '\r\n\r\nမိမိတာဝန္က်သည့္ လမ္းေၾကာင္းအလိုက္ ရံုးဝန္ထမ္းမ်ားကို ရံုးႀကိဳ/ ပို႔ လုပ္ေဆာင္ေပးရန္။\r\n\r\n မိမိအား တာဝန္ေပးအပ္ထားသည့္ ေမာ္ေတာ္ယာဥ္ ႀကံ႕ခိုင္ေရးကို စိစစ္လုပ္ေဆာင္ရန္။\r\n\r\n', 'Driver', 5, 5, 13, 5, '2019-09-04 05:14:05', '2019-10-10 05:40:46'),
('00000231', 'U Sein Lwin', '\r\n\r\n(၁) ဉက္ကဌ (သို့) ED မှ ချမှတ်ထားသော Mission အရ လုပ်ငန်းစီမံချက်များအား PD,PM များနှင့်ညှိနှိုင်းတိုင်ပင်ပြီး ED      ၏Mission အားအကောင်ထည်ဖော်ဆောင်ရွက်ခြင်း။ \r\n\r\n(၂) အပတ်စဉ်/လစဉ် လုပ်ငန်းတိုးတက်မှုအစီရင်ခံစာ များအားတောင်းခံခြင်း၊ ပြန်လည်သုံးသပ်ခြင်းနှင့် ED ထံတင်ပြအစီ      အရင်ခံခြင်း။ \r\n\r\n(၃) စီမံကိန်များ၏ လုပ်ငန်းတိုးတက်မှု၊ဆောင်ရွက်နေမှုအခြေအနေများအား၊ Landscaping အတွက်အပင်များစိုက်ပျိုးထား      မှုအခြေအနေများ၊ တွန်းအားပေးခြင်းနှင့် Project များ၏ Documentation များစနစ်တကျထားရှိမှု များအားစစ်ဆေး      အတည်ပြုပြီး EDထံတင်ပြအစီရင်ခံခြင်း။ \r\n\r\n(၄) PDD ဌာန၏အစိုးအရပိုင်းဆိုင်ရာထိတွေမှုများနှင့် ပါမစ်ဆိုင်ရာလုပ်ငန်းတိုးတက်မှု အခြေနေများအား ED ၏လမ်းညွှန်       မှုနှင့်အတူ Report များရယူခြင်း၊ Review လုပ်ခြင်း၊ Design ဌာနနှင့် ညှိနှိုင်းဆွေးနွေးရမည့်အပိုင်းများ၊ Design       လိုအပ်ချက်များအားပေါင်းစပ်ညှိနှိုင်းပေးခြင်း၊ ED အားအစီအရင်ခံတင်ပြခြင်း။ \r\n\r\n(၅) Design ဌာနနှင့်အကောင်ထည်ဆောင်ရွက်နေသည့်စီမံကိန်းများ၏ Concept Design ရရှိရေး။၎င်း  Concept အရ      Design အပ်နှံရေး(Archi,Structure,M&E) များနှင့်ညှိနှိုင်ချိတ်ဆက်ပြီး Target Date များသတ်မှတ်ပြီး Design       Tracking လိုက်ခြင်း နှင့် Desgin တိုးတက်မှုဖြစ်စဉ်များအား ED အားအစီအရင်ခံတင်ပြခြင်း။ စီမံကိန်းများ၏ Design      Discussion Meeting များအားတက်ရောက်ခြင်းနှင့်နောက်ကျနေသည့် Design အခြေနေများအားဆွေးနွေးခြင်း။ \r\n\r\n(၆) Batching Plant ၊ HMM Department နှင့် Pilling team တို့ နှင့် တည်ဆောက်ရေးလုပ်ငန်းများအတွက်လိုအပ်မည့်      ယာဉ် ၊ယန္တရားနှင့်ကွန်ကရစ်များ Pile လုပ်ငန်းများစရိတ်သက်သာစွာဖြင့် သတ်မှတ်အချိန်အတွင်းရရှိဆောင်ရွက်နိုင်ရေး။      ယာဉ်များ၏ ဝင်ငွေ/ထွက်ငွေအကျိုးအမြတ်စာရင်းများ၏ Report များအား Review လုပ်ခြင်း၊လုပ်ငန်းလိုအပ်ချက်များ      အားဆွေးနွေးညှိနှိုင်းပြီး ED အားတင်ပြခြင်း။ \r\n\r\n(၇) QA,QC team နှင့် စီမံကိန်းတည်ဆောက်မှုဆိုင်ရာအရည်အသွေးများအားပုံစံ Design များအတိုင်းပြည့်မှီစေရေး၊       လုပ်ငန်းအမှားများ List ထုတ်ထားရေး ၊ Check List အား စနစ်တကျ သိမ်းဆည်းခြင်းရှိမရှိများကို ရံဖန်ရံခါစစ်ဆေး       ခြင်းနှင့် QA,QC team ၏ Report များအား Review လုပ်၍ ED အားတင်ပြခြင်း။\r\n\r\n (၈) အမှုဆောင်ဒါရိုက်တာအားတာဝန်ခံ၍ လုပ်ငန်းညှိနှိုင်းအစည်းအဝေးများတက်ရောက်ခြင်း၊ Site Visit များသွားလာခြင်း      နှင့် လုပ်ငန်းတိုးတက်မှုအခြေအနေ ၊ အုပ်ချုပ်မှုဆိုင်ရာအခြေအနေများအား နှင့် Site Admin ပိုင်းဆိုင်ရာ ၊သန့်ရှင်းရေး      ဆိုင်ရာများ၊ စာရွက်စာတမ်းထားသိုမှုများစနစ်တကျ ရှိမရှိစစ်ဆေးခြင်းနှင့် ED အား Report အစီအရင်ခံစာတင်ခြင်း။\r\n\r\n', 'Manager', 4, NULL, 10, NULL, '2019-09-10 06:12:01', '2019-10-10 05:41:26'),
('00000233', 'Daw Khin Htet Htet Aung', '\r\n\r\n-Sales Target များခန့်မှန်းသတ်မှတ်ခြင်း။ -ချမှတ်ထားသော Sales Targets များ ပြည့်မီအောင် စီစဉ်ဆောင်ရွက်ခြင်း။Strategies & Sale Plans များချမှတ်ခြင်း။\r\n\r\n -Customer Database ပိုမိုကောင်းမွန်အောင် စီစဉ်ဆောင်ရွက်ခြင်း။\r\n\r\n -team အင်အား ပိုမိုပြည့်မီကောင်းမွန်လာစေရန် လူသစ်များ ခေါ်ယူခန့်အပ်သင်ကြားပေးခြင်း။ \r\n\r\n-Customer Relationships ပိုမိုကောင်းမွန်လာစေရန် လိုအပ်ချက်များကို စစ်ဆေးပြီး ကြိုတင်စီစဉ်ဆောင်ရွက်ခြင်း။ \r\n\r\n-လက်ရှိအရောင်းStatus၊ လက်ခံရရှိငွေ၊ Sale Close ရန် ရှိနေသော Customers များ၏ Report များကို Marketing Director ထံ တင်ပြအစီရင်ခံခြင်း။\r\n\r\n -လက်ရှိစျေးကွက်အခြေအနေများ၊ စျေးနှုန်းများ၊ ပြိုင်ဘက်ကုမ္ပဏီများ၏ အခြေအနေများကို စဉ်ဆက်အပြတ်လေ့လာပြီး တင်ပြဆွေးနွေးရန်။ \r\n\r\n-Customers များ၏ ညှိနှိုင်းခြင်း ကိစ္စများအတွက် အဓိက Contact Person အဖြစ် ရှိနေပေးရန်။ \r\n\r\n-Customers များနှင့် ရေရှည်ကောင်းမွန်ခိုင်ခံ့သော Relationship တည်ဆောက်ထိန်းသိမ်းရန်။ \r\n\r\n-Sales Prices Negotiations များ၏ Maximum Profit Margin ရရှိရေး တာဝန်ယူ ညှိနှိုင်းဆွေးနွေးရန်။\r\n\r\n-Customers များနှင့် ဆက်စပ်နေသော ပတ်ဝန်းကျင်၊ မိတ်ဆွေ၊ Referrals များကြားတွင် နာမည်ကောင်းနှင့် ရပ်တည်နိုင်ရန်။\r\n\r\n -လိုအပ်ချက်များ၊ ဆောင်ရွက်ပေးရန်များအတွက် Solutions ကို အချိန်မီ အဆင်ပြေဆုံးဆောင်ရွက်ပေးရန်။ \r\n\r\n-လက်ရှိဆောင်ရွက်နေသော Sales Leads/Initiatives များကို Weekly/Monthly/Report များတင်ပြရန်။\r\n\r\n -လက်ရှိ ရှိရင်းစွဲ Customers များကို အခြားခြားသော Product Deals များ ထပ်မံရောင်းချရန် နှင့် လိုအပ်နိုင်သည်များကို ကြိုတင်ပြင်ဆင်ဆောင်ရွက်ထားရန်။\r\n\r\n -ခန့်မှန့်ထားသော Sales Targets များ ပြည့်မီအောင် ဆောင်ရွက်ရန် လမ်းစဉ်များ ပြင်ဆင်တင်ပြရန်။ \r\n\r\n-Customer Status Reports များ ပြင်ဆင်တင်ပြခြင်း။\r\n\r\n -Sales team Members များအတွက် ချမှတ်ပေးထားသော Customer နယ်ပယ်အတွင်း အောင်မြင်စွာရောင်းချနိုင်ရန် ကူညီထောက်ပံ့ပေးခြင်း။\r\n\r\n -Customers များက တောင်းဆိုသော ခက်ခဲသော Request များ၊ တောင်းဆိုချက်များကို ကူညီညှိနှိုင်းပေးခြင်း။\r\n\r\n', 'Sr.Manager', 3, NULL, 9, NULL, '2019-09-10 05:59:26', '2019-10-10 05:42:35'),
('00000247', 'U Nay Win Myint', '--------', 'Manager(HOD)', 1, NULL, NULL, NULL, '2019-10-03 11:00:00', '2019-10-03 11:00:00'),
('00000252', 'Daw Su Sandar', '', 'HOD', 2, NULL, NULL, NULL, '2019-11-28 23:30:00', '2019-11-28 23:30:00'),
('00000253', 'Daw Lu Lu', 'Office 2A/2B ရွိ က်ား /မ အိမ္သာမ်ား သန္႔ရွင္းေရး ေဆာင္ရြက္ရန္', 'Cleaner', 5, 4, 13, 4, '2019-09-04 05:14:05', '2019-10-10 05:43:31'),
('00000273', 'Daw Thinzar Khine', '\r\n\r\n(က) စီမံကိန်းတွက်သုံးမည့် ငွေလျာထားသတ်မှတ်ခြင်းလုပ်ငန်းစဉ်အလိုက်ခွဲဝေအသုံးပြုစာရင်းရေးဆွဲခြင်း။\r\n\r\n (ခ) ဆောင်ရွက်ရန်၊ ဆောင်ရွက်ပြီး၊ ဆောင်ရွက်ရန်ကျန်လုပ်ငန်းများအတွက်အပတ်စဉ်၊ လစဉ်အသုံးပြုရန်/ပြုပြီး/လက်ကျန်      များအားရေးဆွဲခြင်း။ \r\n\r\n(ဂ) Requestion Material (RM) အတွက်ခွင့်ပြုမည့်စာရင်းစီစစ်ထုတ်ပေးခြင်း။      Requestion Work ( RW) များအတွက် ခွင့်ပြုရန်စီစစ်ပေးခြင်း။\r\n\r\n (ဃ) PD သို့ Report ပေးခြင်း။ \r\n\r\n(င) လအလိုက်သုံးစွဲမည့် ငွေကြေးလျာထားမှုများအား တစ်လတစ်ကြိမ်အစီအရင်ခံတင်ပြခြင်း။ \r\n\r\n(စ) လိုအပ်သောလုပ်ငန်းစာချုပ်ချုပ်ဆိုရန် Scope များ Budget များစီစစ်ခြင်း၊ PD ထံမှ အတည်ပြုချက်ရယူခြင်းနှင့်        Contractor ဌာနသို့တင်ပြတောင်ခံခြင်း။\r\n\r\n', 'SAE', 4, NULL, 10, NULL, '2019-09-11 05:42:14', '2019-10-10 05:44:13'),
('00000276', 'U Zaw Htun Aung', '\r\n\r\n(က )	HR ဝန်ထမ်းများကို စည်းစနစ်တကျရှိရေး ကြီးကြပ်ကွပ်ကဲရန်။ \r\n\r\n(ခ )	HR စီမံကိန်းများ ရေးဆွဲတင်ပြနိင်ရေးဆောင်ရွက်ခြင်း။ \r\n\r\n(ဂ )	အဖွဲ့အစည်း (သို့) ကုမ္ပဏီမှ လိုအပ်သော လုပ်ငန်းအမျိုးအစားနှင့် အရေအတွက်အလိုက် ခန့်မှန်းတွက်ချက်ကာ အလုပ်အကိုင်အခွင့်အလမ်းများ စီမံပြုစုရန်။ \r\n\r\n(ဃ)	ဝန်ထမ်းရွေးချယ်ခန့်အပ်မှုကို ကြီးကြပ်ဆောင်ရွက်ပေးရန်။ \r\n\r\n(င )	လေ့ကျင့်သင်ကြားပေးခြင်းဖြင့် ဝန်ထမ်းများ၏ စွမ်းဆောင်ရည် မြှင့်တင်ပေးနိုင်ရေး ပေါင်းစပ်ညှိနှိုင်း ဆောင်ရွက်ရန်။\r\n\r\n (စ )	ဝန်ထမ်းများ၏ စွမ်းဆောင်ရည်အကဲဖြတ်ခြင်းနှင့် ပြန်လည်သုံးသပ်ခြင်းများပြုလုပ်၍ တင်ပြနိုင်ရေး ဆောင်ရွက်ရန်။ \r\n\r\n(ဆ)	ဝန်ထမ်းများ၏ အကျိုးခံစားခွင့် (ရာထူးတိုး/လစာတိုး)အတွက် သတ်မှတ်ပုံစံများနှင့်အညီ ဆောင်ရွက်ရေး ကြီးကြပ်ကွပ်ကဲရန်။\r\n\r\n (ဇ )	ဝန်ထမ်းများ၏ နစ်နာထိခိုက်မှုများ၊ စည်းကမ်းဖောက်ဖျက်မှုများနှင့် အငြင်းပွားမှုများကို ကိုင်တွယ် ဖြေရှင်းပေးရန်နှင့် ဝန်ထမ်းများ၏ အထွေထွေလိုအပ်ချက်များကို ညှိနှိုင်းဖြည့်ဆည်းပေးရန်။ \r\n\r\n(ဈ )	စီမံခန့်ခွဲသူများသို့ ဝန်ထမ်းရေးရာလိုအပ်သော အကြံများပေးရန်။\r\n\r\n (ည)	ဝန်ထမ်းများ၏ မှတ်တမ်းများထိန်းသိမ်းခြင်း စနစ်တကျရှိစေရေး ဆောင်ရွက်ရန်။ \r\n\r\n(ဋ )	ကုမ္ပဏီ၏ မှတ်တမ်းများကိုIT နည်းပညာဖြင့် ထိန်းသိမ်းခြင်းလုပ်ငန်းများ စနစ်တကျရှိစေရေး ကြပ်မတ်ဆောင်ရွက်ရန်။\r\n\r\n (ဌ )	ကုမ္ပဏီရှိဝန်ထမ်းများ၏ လုပ်ငန်းဆောင်ရွက်ပြီးစီးမှုအခြေအနေကို ခေတ်မီ နည်းပညာဖြင့် စောင့်ကြည့် Report ထုတ်နိုင်ရေး ကြီးကြပ်ဆောင်ရွက်ရန်။ \r\n\r\n(ဍ )	ကုမ္ပဏီ၏ မှတ်တမ်းများ ထိန်းသိမ်းရာ Data Server ထိန်းသိမ်းမှုကို ကြီးကြပ်ပေးရန်။\r\n\r\n', 'Director', 5, NULL, NULL, NULL, '2019-09-04 05:14:05', '2019-10-10 05:45:06'),
('00000278', 'U Zaw Naing Oo', '\r\n\r\n- လုံခြုံရေးဆိုင်ရာ ကိစ္စရပ်များကို ကြီ:ကြပ်ဆောင်ရွက်ခြင်း။ \r\n\r\n- ရုံးတွင်း/ပြင် သန့်ရှင်းရေး ကိစ္စများ ကြီ:ကြပ်ဆောင်ရွက်ခြင်း။ \r\n\r\n- Landscape ဆောင်ရွက်မှုအား ကြီ:ကြပ်ဆောင်ရွက်ခြင်း။ \r\n\r\n- ပြုပြင်ထိန်းသိမ်းရေး လုပ်ငန်းများ လစ်ဟာမှုမရှိစေရေး ကြီ:ကြပ်ဆောင်ရွက်ခြင်း။ \r\n\r\n- စားရိပ်သာဆိုင်ရာ ကိစ္စရပ်များ ကြီ:ကြပ်ဆောင်ရွက်ခြင်း။ \r\n\r\n- သယ်ယူပို့ဆောင်ရေး၊ မော်တော်ယာဉ်ဆိုင်ရာ ကိစ္စရပ်များ ကြီ:ကြပ်ဆောင်ရွက်ခြင်း။ \r\n\r\n- ဧည့်ကြို လုပ်ငန်းများ ချောမွေ့အဆင်ပြေစေရေး ကြီ:ကြပ်ဆောင်ရွက်ခြင်း။ \r\n\r\n- ပွဲများကျင်းပခြင်းဆိုင်ရာ ညှိနှိုင်းဆာင်ရွက်ပေးခြင်း။ \r\n\r\n- ဝန်းထမ်းစည်းကမ်း ထိန်းသိမ်းမှု ဆောင်ရွက်ခြင်း။\r\n\r\n', 'General Manager(HOD)', 5, 1, NULL, 1, '2019-09-09 03:27:36', '2019-10-10 05:46:01'),
('00000290', 'Daw Zune Pwint Khaing', '\r\n\r\nပုံမှန်ဆောင်ရွက်ရမည့်လုပ်ငန်း Mission များ \r\n\r\n (1)	Baseline Budget & Master Schedule ရေးဆွဲရန်။ Proposal budget များတင်ပြတောင်ခံရန်\r\n\r\n (2)	2 Week (Form_C) စစ်ရန်နှင့် Progress ကြည့်ရန်။ ED ထံသို့ Monthly report တင်ရန် \r\n\r\n(3)	သက်ဆိုင်ရာဌာနများသို့လုပ်ငန်းပြီးစီးမှုမှတ်တမ်းများ Monthly report ပေးပို့ရန်နှင့် ဌာနသို့အပ်နှံရမည့် Target date များအား Minestone ထားဆောင်ရွက်ရန်\r\n\r\n (4)	Daily Progress များကြည့်ရန်နှင့် urgent issue များရှင်းရန် \r\n\r\n(5)	team member များနှင့်လုပ်ငန်းပြီးစီးမှု၊အခက်အခဲ၊ Design issue များအား Weekly Meeting လုပ်၍ဆွေးနွေးရန်\r\n\r\n (6)	Site တာဝန်ခံများနှင့်လုပ်ငန်းပြီးစီမှု၊အခက်အခဲ၊ Design issue များအား Weekly Meeting လုပ်၍ဆွေးနွေးရန် \r\n\r\n(7)	PDD နှင့် လုပ်ငန်း Permit ကိစ္စများ Weekly Meeting လုပ်၍ဆွေးနွေးရန်\r\n\r\n (8)	Design department နှင့် လိုအပ်သော Design issue များအား Weekly Meeting လုပ်၍ဆွေးနွေးရန်\r\n\r\n (9)	Logistics department သို့ ပေးပို့ထားသော Shopping List များနှင့် contractor & material ရရှိမှု အခြေနေအား Weekly စစ်ဆေးအတည်ပြုရန် \r\n\r\n                                                                                   (10)	မိမိနှင်သက်ဆိုင်သော Project များ၏ public  relationship နှင့်ပတ်သတ်၍ ဂရုစိုက်ပေး၊     လိုအပ်တာဖြေရှင်းပေးရန်\r\n\r\n (11)	Internal audit, External audit စစ်ဆေးခံနိုင်ရန် BOQ များပြင်ဆင်ထားရန်နှင့် project closing အတွက် Document ပြည့်ပြည့်စုံစုံအပ်နှံနိုင်ရန်ပြင်ဆင်ထားရန်\r\n\r\n', 'Project Director', 4, NULL, NULL, NULL, '2019-09-04 05:14:05', '2019-10-10 05:47:15'),
('00000291', 'Daw Khin Nyein Chan', '\r\n\r\n(၁) Executive Director ၏ရုံးလုပ်ငန်းဆိုင်ရာ ကိစ္စရပ်များနှင့်စာရွက်စာတမ်းများပေပို့ခြင်းထိန်းသိမ်းဆောင်ရွက်ခြင်း။ \r\n\r\n(၂) Executive Director Office သို့ ရောက်ရှိလာသော ဝင်စာများအား Register ပြုလုပ်ခြင်း၊ ED ညွှန်ကြားချက်များအရ       အခြား Department သို့ပေးပို့ဆောင်ရွက်ခြင်း။ \r\n\r\n(၃) ED Office ၏ရုံးစာများရေးသားဆောင်ရွက်ခြင်း၊ ED Office မှကျင်းပသော အစည်းဝေးများတွင် Meeting Minutes        Record  ပြုလုပ်ခြင်းနှင့်အစည်းအဝေးမှတ်တမ်းများရေးသားခြင်းနှင့်ဖြန့်ဝေခြင်း။ \r\n\r\n(၄) Executive Director အုပ်ချုပ်မှုအောက်တွင်ရှိသော Department များမှ ရောက်ရှိလာသော RW/RM များအား      Register ပြုလုပ်ခြင်းနှင့်ED အားတင်ပြ၍ သက်ဆိုင်ရာဌာနများသို့ပေးပို့ဆောင်ရွက်ခြင်း။ \r\n\r\n(၅) Executive Director အုပ်ချုပ်မှုအောက်တွင်ရှိသော Department များမှ ရောက်ရှိလာသော Bill များအား Register       ပြုလုပ်ခြင်းနှင့်ED စိစစ်အတည်ပြု လက်မှတ်ရေးထိုးပြီးပါက Bill Department သို့ပေးပို့ဆောင်ရွက်ခြင်း။ \r\n\r\n(၆) ရုံးတွင်ထားရှိရမည့် Report များ၊ Record စာရွက်စာတမ်းများအား စနစ်တကျထားသိုသိမ်းဆည်းခြင်း။ \r\n\r\n(၇) Executive Director Office အတွက်လိုအပ်သော Stationary များ၊ Equipment & Tools များအား Fixed Assets       Department မှတောင်းခံပေးခြင်းနှင့် Fixed Assets များ Record ထားရှိဆောင်ရွက်ခြင်း။\r\n\r\n (၈) Executive Director မှအခါအားလျော်စွာပေးအပ်သောတာဝန်များဆောင်ရွက်ခြင်း။\r\n\r\n', 'Document Controller', 4, NULL, 10, NULL, '2019-09-10 06:10:48', '2019-10-10 05:48:06'),
('00000293', 'U Thein Swe', '\r\n\r\n-မော်တော်ယာဉ်များ လိုင်စင်သက်တမ်းတိုးခြင်း၊ ယာဉ်အာမခံ သက်တမ်းတိုးခြင်း၊ ယာဉ်လုပ်ငန်းသက်တမ်းတိုးခြင်း။\r\n\r\n -ဧည့်ခံပစ္စည်း၊ သန့်ရှင်းရေးနှင့် ခန်းတွင်းသုံးပစ္စည်းများ ထုတ်ပေးခြင်း။\r\n\r\n -နေ့စဉ် မော်တော်ယာဉ် ဆီဖိုးတင်တောင်းငွေများအား ဆောင်ရွက်ပေးရခြင်း။\r\n\r\n -မင်္ဂလာပါရမီစေတီ ဘုရားကိစ္စများ ဆောင်ရွက်ပေးခြင်း။ \r\n\r\n-ရုံးကြီးတွင် နေ့(ပိတ်ရက်)/ညပိုင်းတာဝန်မှူး ဆောင်ရွက်ရခြင်း။ \r\n\r\n-ရုံးပိတ်ရက် ဌာနတာဝန်မှူး (Duty)ဆောင်ရွက်ရခြင်း။\r\n\r\n', 'Supervisor', 5, 5, 13, 5, '2019-09-04 05:14:05', '2019-10-10 05:48:41'),
('00000321', 'U Ye Htut', '\r\n\r\nSaepaing Co.Ltd နှင့် ပတ်သတ်သည့် ဘာသာရေးနှင့် အခမ်းအနားရပ်များ ဆောင်ရွက်ခြင်း။ \r\n\r\n-Admin Dept; မှ ခိုင်းစေသည့် ကိစ္စရပ်များ ဆောင်ရွက်ပေးခြင်း။\r\n\r\n -နေပြည်တော် ထာဝရငြိမ်းချမ်းရေး စေတီတော် တည်ဆောက်ရေးရှိ ဝန်းထမ်း(၅)ဦး၏ အုပ်ချုပ်မှု အသုံးစရိတ်များ၊ စားစရိတ်နှင့် ဝန်းထမ်းဆိုင်ရာ ကိစ္စရပ်များအား ဆောင်ရွက်ခြင်း။ \r\n\r\n-ထာဝရငြိမ်းချမ်းရေး စေတီတော် ငွေစာရင်းရှင်းတမ်းများ နေပြည်တော်နှင့် ရန်ကုန်လွှဲပြောင်းပေးပို့ခြင်း။\r\n\r\n', 'Supervisor', 5, 9, 13, 9, '2019-09-11 06:38:08', '2019-10-10 05:49:07'),
('00000324', 'U Lwin Yar Zar Aung', '\r\n\r\n-Uniform/ Safety ပစ္စည်းများအား စာရင်းပြုစုခြင်း။\r\n\r\n -Ygn-Mdy အဝယ်စာရင်းများ ထုတ်ပေးခြင်း။ \r\n\r\n-မီတာဆောင်ပေးခြင်း (Office 2A/2B၊ ရွှေဟင်္သာ၊ 7မိုင်နှင့် Other၊ အေးရိပ်မွန်၊ လောကနတ်၊ ပြည်သူ့လမ်း)။ \r\n\r\n-ဌာနအသီးသီးမှ Stationary ပစ္စည်းများ ထုတ်ပေးခြင်း၊ ဥက္ကဋ္ဌ ဘုရားတက်ရာတွင် ကူညီပေးခြင်း။ \r\n\r\n-ရေမီတာဆောင်ပေးခြင်း ။ \r\n\r\n-(၇)မိုင် အိမ်ရာကြေးများ ကောက်ခံပေးခြင်း။\r\n\r\n -ညတာဝန်ကျ ဝန်ထမ်းများ၏ OT စာတင်ခြင်း။\r\n\r\n -တာဝန်မှူးဇယားနှင့် စားစာရင်းများအား ပြုစုခြင်း။\r\n\r\n', 'Office Staff', 5, 1, 13, 1, '2019-09-11 05:34:33', '2019-10-10 05:50:03'),
('00000352', 'U Than Lwin', '----', 'Manager(HOD)', 1, NULL, NULL, NULL, '2019-10-03 11:00:00', '2019-10-03 11:00:00'),
('00000353', 'Daw Anso Mary', '\r\n\r\n1.	Budget များသတ်မှတ်ခြင်း \r\n\r\n2.	အပတ်စဉ်ငွေပေးချေမှုအတွက် ငွေလျာထားပေးခြင်း \r\n\r\n3.	အခွန်ပေးဆောင်ခြင်းဆိုင်ရာ မူဝါဒများ ချမှတ်ခြင်း\r\n\r\n 4.	ကုမ္ပဏီဆိုင်ရာ စာရွက်စာတမ်းများ ထိန်းသိမ်းစာရင်းသွင်းခြင်း \r\n\r\n5.	ကုမ္ပဏီအခြေအနေများကို ဖော်ပြနိုင်သည့် Report များထုတ်ခြင်း၊ Review များရေးခြင်း \r\n\r\n6.	Business Plan နှင့်မြေပြင်အခြေအနေတို့နှိုင်းယှဉ်သည့် Review ရရှိရေး \r\n\r\n7.	စာရင်းရေးသွင်းမှု မူဝါဒများ \r\n\r\n8.	ငွေသုံးစွဲခွင့်ပြုမှု မူဝါဒဆိုင်ရာများ \r\n\r\n9.	ငွေပေးချေမှု ဆိုင်ရာမူဝါဒများ \r\n\r\n10.	ကုမ္ပဏီ၏ OGC, SOP ဆိုင်ရာများ မှတ်တမ်းထားရှိခြင်း \r\n\r\n11.	ဘဏ်ချေးငွေဆိုင်ရာများ Report/ Review ထုတ်ပြန်ရေး \r\n\r\n12.	ရှယ်ယာရှင်များ ငွေကြေးဆိုင်ရာများ ရှင်းလင်းတင်ပြခြင်း\r\n\r\n', 'Assistant Finance Director(HOD)', 2, NULL, NULL, NULL, '2019-09-10 05:54:18', '2019-10-10 05:50:57'),
('00000374', 'U Zaw Myo Hlaing', '\r\n\r\nစီမံကိန်းဒါရိုက်တာ PD သည် မိမိဆောင်ရွက်ရသော တာဝန်များကို အမှုဆောင်ဒါရိုက်တာ (ED) ထံ သတင်းပို့ အစီရင်ခံ တင်ပြရမည်။ \r\n\r\n(က)	မိမိတာဝန်ယူ ဆောင်ရွက်ရသည့် စီမံကိန်း၏ သမိုင်းကြောင်း အကျဉ်းချုပ်ကို သိရှိရန် စာဖြင့်ပြုစုထားခြင်း။ \r\n\r\n(ခ )	ကုမ္ပဏီ၏ OGC အရပေးအပ်သော တာဝန်များ၊ ED နှင့် BODs မှ ပေးအပ်သော လုပ်ငန်းတာဝန်များ၊ အခါအားလျှော်စွာပေးအပ်လာသော လုပ်ငန်းတာဝန်များ သတ်မှတ်(ခွင့်ပြု) ဘတ်ဂျက်ပမာဏအတွင်းမှ အချိန်မီ ပြီးမြောက်စေရေးအတွက် လုပ်ငန်းခေါင်းစဉ် တစ်ခုစီအား တာဝန်ယူမည့် ပုဂ္ဂိုလ်၊ ပြီးစီးရမည့် အချိန်၊ ပြန်လည်သတင်းပို့ရမည့်သူ၊ ဆုံးဖြတ်ချက်ရယူရန် နည်းလမ်းများပါရှိသော တိကျသည့် ညွှန်ကြားချက်များဖြင့် လက်အောက်ဝန်ထမ်းများအား တာဝန်ပေးအပ်ခြင်း။\r\n\r\n (ဂ )	လုပ်ငန်းညွှန်ကြားချက်ခံယူခြင်း၊ လုပ်ငန်းပိုင်းဆိုင်ရာအခက်အခဲများနှင့် တိုးတက်မှုဆိုင်ရာ Report များ၊ မိမိဆုံးဖြတ်ပိုင်ခွင့်ထက် ကျော်လွန်၍ ဆုံးဖြတ်ရမည့် ကိစ္စများအား ED ထံတင်ပြ၍ လည်းကောင်း၊ ကော်မတီသို့ တင်ပြ၍လည်းကောင်း ဆုံးဖြတ်ချက်ရယူရန်နှင့် ထက်အောက်ထိတွေ့မှုစနစ်များဖြင့် ဆောင်ရွက်ခြင်း။\r\n\r\n (ဃ)	အရေးတကြီး ဆောင်ရွက်ရမည့် လုပ်ငန်းများ၊ နောက်ကျနေသည့် လုပ်ငန်းများအား သီးခြားခေါင်းစဉ် ဖြင့် ဖော်ထုတ်၍ ပြီးစီးရမည့် အချိန်၊ တာဝန်ယူရမည့်ပုဂ္ဂိုလ်၊ ပြန်လည်သတင်းပို့ရမည့်သူ၊ ဆောင်ရွက်ရန် နည်းလမ်းများ ဖော်ပြ၍ ညွှန်ကြားချက် ထုတ်ပြန်ဆောင်ရွက်ရန်။\r\n\r\n (င )	တည်ဆောက်ရေးလုပ်ငန်းများအတွက် ကုမ္ပဏီမှ ချမှတ်ထားသော Rule & Regulation များအတိုင်း အကောင်အထည်ဖော် ဆောင်ရွက်ခြင်း။\r\n\r\n (စ )	လုပ်ငန်းများအကောင်အထည်ဖော်ရာတွင် လိုအပ်သော ခွင့်ပြုချက်ရရှိရေးကိစ္စ၊ Design လိုအပ်ချက် ကိစ္စတို့အတွက် သက်ဆိုင်ရာ Design team, PDD team တို့မှ တာဝန်ခံများနှင့် ဘေးတိုက်ထိတွေ့ ဆက်ဆံသည့်စနစ်ဖြင့် ဆောင်ရွက်ခြင်း။ \r\n\r\n(ဆ)	စီမံကိန်းများ၏ Master Plan များ စီစဉ်ဆောင်ရွက်ထားခြင်း၊ Design ပုံစံများကို လေ့လာ၍ Design Briefing အစည်းအဝေးများ ဆောင်ရွက်ခြင်း။ \r\n\r\n(ဇ )	စီမံကိန်းတစ်ခုလုံး၏ Target Budget ကို သိရှိရန် စီစဉ်ဆောင်ရွက်ထားခြင်း၊ လုပ်ငန်းခေါင်းစဉ်အကြီး/ အသေးအလိုက်Budget များသတ်မှတ်ထားခြင်း။\r\n\r\n (ဈ )	ပစ္စည်းလိုအပ်ချက်၊ လုပ်ငန်းကန်ထရိုက်တာ လိုအပ်ချက်များအတွက် Logistics AGM နှင့် ထက်အောက် ထိတွေ့သည့် စနစ်ဖြင့် ဆောင်ရွက်ခြင်း။ \r\n\r\n(ည)	လစဉ်စီမံကိန်းများ၏ သုံးစွဲပြီးငွေ၊ ပေးရန်ရှိငွေ (ကန်ထရိုက်တာ/Supplier)၊ ဘတ်ဂျက်အရ သုံးစွဲရန် ကျန်ငွေစာရင်းများ၊ Report များ ထားရှိရန်/ \r\n\r\n(ဋ )	စီမံကိန်းနှင့်သက်ဆိုင်သည့် ချုပ်ဆိုထားသည့် စာချုပ်စာရင်းများ၊ စာချုပ်အရပေးချေပြီး၊ ပေးရန်ကျန် စာရင်းများ သိရှိအောင်ဆောင်ရွက်ထားခြင်း။\r\n\r\n (ဌ )	မိမိတို့တာဝန်ယူထားရသည့် စီမံကိန်းများ၏ SOP များသည် ကုမ္ပဏီမှ ချမှတ်ထားသော SOP များနှင့် ကိုက်ညီမှု ရှိ/မရှိ အမြဲစစ်ဆေးနေရန်။\r\n\r\n (ဍ )	မိမိလက်အောက် ဝန်ထမ်းများ လုပ်ငန်း ကျွမ်းကျင်မှုနှင့် ဖွံ့ဖြိုးတိုးတတ်မှု ရရှိစေရန်အဝွက် ED, HR ဌာနတို့နှင့် ညှိနှိုင်း၍ လိုအပ်သော သင်တန်းများ စီစဉ်ပေးခြင်း။ \r\n\r\n(ဎ )	မိမိလက်အောက်ဝန်ထမ်းများ၏ လူမှုရေးကိစ္စ ကူညီပံ့ပိုးပေးရေး လုပ်ငန်းများကို လိုအပ်သလို စီမံ ဆောင်ရွက်ပေးနိုင်ရေး ဆောင်ရွက်ပေးခြင်း။ \r\n\r\n(ဏ)	တည်ဆောက်ရေး Mission တာဝန်များအား နေ့စဉ်အသေးစိတ် တိုးတက်မှု အခြေအနေကို သိရှိအောင် ဆောင်ရွက်ခြင်း။\r\n\r\n (တ)	အပတ်စဉ် လုပ်ငန်းတိုးတက်မှု အစီရင်ခံစာအား ED ထံတင်ပြရန်နှင့် ED ၏ Report အတွက် လိုအပ်သောအချက်အလက်များကို ပံ့ပိုးပေးခြင်း။ \r\n\r\n (ထ)	အပတ်စဉ် ကျင်းပသော သက်ဆိုင်ရာကော်မတီ အစည်းအဝေးများအား ပါဝင်တက် ရောက်ဆွေးနွေးခြင်း။\r\n\r\n', 'Project Director', 4, NULL, NULL, NULL, '2019-09-04 05:14:05', '2019-10-10 05:52:15'),
('00000415', 'Daw Myat Thandar Htwe', '\r\n\r\n(က) RW/RM များအား စစ်ဆေးလက်ခံခြင်း၊ စာရင်းသွင်းခြင်း။ \r\n\r\n(ခ) RM မှ ခွင့်ပြုထားသော Item များသို့ Site Store ရှိပစ္စည်းလက်ကျန်များစစ်ဆေးနုတ်ခြင်း။ \r\n\r\n(ဂ) RW/RM များသို့  Shopping List Form ဖြင့်ပစ္စည်းအမှာတက်၍  Logistic Department သို့ Order ပေးပို့ခြင်း။ \r\n\r\n(ဃ) လုပ်ငန်း Bill(Final 10% Bill) များပစ္စည်းအသုံးစာရင်းကျော်/မကျော် စစ်ဆေးပေးခြင်း။ \r\n\r\n(င) Site,PD,GM များ၏ Urgent လုပ်ငန်းများအတွက် လိုအပ်သော Data များကိုဆောင်ရွက်ခြင်း။\r\n\r\n', 'Accountant', 4, NULL, 10, NULL, '2019-09-11 05:48:54', '2019-10-10 05:58:10'),
('00000418', 'U Zaw Ye Win', '\r\n\r\nDirector JD \r\n\r\n(1)PR ဌာန၏ရည်ရွယ်ချက်ဖြစ်သော \r\n\r\n	- ကုမ္ပဏီမိတ်ဖက်များချဲ့ထွင်ရေး။ \r\n\r\n	- ပတ်ဝန်းကျင်၏ လိုအပ်မှုများကို မိမိတို့ဘက်မှ တာဝန်တရပ်အနေဖြင့် ပါဝင်ထမ်းဆောင်နိုင်ရေး။ \r\n\r\n	- ကုမ္ပဏီ၏ ကောင်းမွန်သော ပုံရိပ်များ ပိုမိုပျံ့နှံ့ထင်ရှားလားရေး။ 	အများပြည်သူများ အထင်မှားစေမည့် သတင်းမှားများရှင်းလင်းဖယ်ရှားရေး  ဆိုသည့်အချက်များကို PR Department အဖွဲ့ဝင်များ (team Member)အားလုံး ကျေညက်အောင် Clear Target ဖြစ်အောင် လုပ်ဆောင်ရမည်။ \r\n\r\n(2)Media-\r\n\r\n 	- iSee media ကျယ်ပြန့်နှုန်းနှင့် လူထုစိတ်ဝင်စားသည့် အစီအစဉ်(program)တိုးတက်အောင်လုပ်ရမည်။ 	- (ယခုအခြေအနေသည် Online ပေါ်မှ ပုံမှန် Media အဖြစ်သာ ရှိသေးပြီး၊ လူထုစိတ်ဝင်းစားလာအောင် ဖန်တီးရန် လိုအပ်ချက်များရှိသေးသည်။)Page Like 170,000 ခန့်နှင့် Follower 1980000ခန့် ရှိပြီး Target ပထမအဆင့် Page Like 300,000 ပြည့်မီရန်ကြိုးစားရန်) \r\n\r\n	- AMCS Page တွင် Knowledge Share များ တင်နိုင်ရန် တာဝန်ပေးရန်အတွက်Guide Line ချပေးရန်။ \r\n\r\n(3) MDA ရုံးလုပ်ငန်းများ ချောမွေ့ရန်အတွက် လုပ်ငန်းများသက်မှတ်ပေးရန်။ \r\n\r\n(4) MDA ၏ လှုပ်ရှားမှုတစ်ခုဖြစ်သော အိမ်ရာအရောင်းပြပွဲများ ကျင်းပလျက်ရှိရာ ယခု ပဉ္စမအကြိမ်မြောက် အရောင်းပြပွဲ ကျင်းပပြီးဖြစ်ပါသည်။ \r\n\r\n	- (4.1)ဆဌမအကြိမ် အိမ်ရာအရောင်းပြပွဲ ကျင်းပနိုင်ရေးအတွက် သီတင်းကျွတ်ကာလတွင် ကျင်းပနိုင်ရေး ကြိုတင်ပြင်ဆင် စည်းရုံးမှုများ ပြုလုပ်ရန်။ \r\n\r\n	- (4.2)အိမ်ရာအရောင်းပြပွဲအတွက် Digital Marketing ပိုမိုကျယ်ကျယ်ပြန့်ပြန့် ဆောင်ရွက်နိုင်ရေးအတွက် Internet team ကို တိကျအောင် လမ်းညွှန်ချက်နှင့် ထိရောက်စွာ Target ရွေးချယ်မှုများကို ချမှတ်ပေးရန်။\r\n\r\n (5)Media Network 	- The Global Newlight of Myanmar နှင့် ဆွေးနွေးပြီး ဆောင်ရွက်ရန်။ 	- Online Media အချို့ကို မိတ်ဖက်ပြုလုပ်ရန်(စက်တင်ဘာ၊အောက်တိုဘာ The Nyan Media) \r\n\r\n(6)Political Network 	- နေပြည်တော်မှ လွှတ်တော်ကိုယ်စားလှယ်များ၊ ရန်ကုန်၊ မန္တလေးမှ လွှတ်တော်ကိုယ်စားလှယ်များနှင့် ပုံမှန်ထိတွေ့ဆက်ဆံမှုရှိရန်။ 	- team-A အဖွဲ့ဝင်များကို ပုံမှန်ပေါင်းစပ်ပေးရန်နှင့် ၄င်းတို့ လိုအပ်ချက်များဖြည့်ဆည်းပေးရန်။ \r\n\r\n	- ပါတီဆက်ဆံရေး ပုံမှန်တိုးတက်နေရန် 	- နိုင်ငံရေး အင်အားစုများနှင့် အမြဲတမ်းအပြုသဘောဆောင်သော ဆက်ဆံရေးတစ်ရပ် ထူထောင်ထားရန်\r\n\r\n 	- (7)Real estate ဆက်ဆံရေး တိုးတက်ရန်အတွက် အချို့သော Real estate အသင်းများနှင့် MOU ရေးထိုးနိုင်ရန်၊ ဆက်စပ်လုပ်ငန်းများ အကောင်အထည်ဖော်ဆောင်ရန် \r\n\r\n	(8) UMFCCI မှ ဖွဲ့စည်းထားသော Cross Border Trade Facilitating Committee တွင် ပူးပေါင်းပါဝင်ဆောင်ရွက်နေသည်။ဆက်လက် Follow Up လုပ်ရန်။\r\n\r\n 	- MLCA အဖွဲ့ဝင်အများစုပါဝင်သော Myanmar- India- China ချစ်ကြည်ရေးနှင့် စီးပွားရေးဖွံ့ဖြိုးမှုအဖွဲ့တွင် ပူပေါင်းပါဝင်ဆောင်ရွက်လျက်ရှိသည်။ ဆက်လက် Follow Up လုပ်ရန်။\r\n\r\n 	- Myanmar China India Association အဖွဲ့တွင် ပူးပေါင်းဆောင်ရွက်လျက်ရှိသည်။ ဆက်လက် Follow Up လုပ်ရန်။\r\n\r\n', 'Director', 1, NULL, NULL, NULL, '2019-09-04 05:14:05', '2019-10-10 06:00:52'),
('00000420', 'U Htein Lin', '\r\n\r\n-နေ့စဉ် တန်းစီဇယား ရေးဆွဲခြင်း။\r\n\r\n -စျေးသုံးစာရင်း ရေးဆွဲခြင်း။ \r\n\r\n-ကျွေးမွေးမှု ကြီ:ကြပ်ခြင်း။\r\n\r\n -ထင်း၊ ရေနှင့် အုပ်ချုပ်မှု ဆောင်ရွက်ခြင်း။ \r\n\r\n-တစ်ပတ်(၂)ကြိမ် စျေးဝယ်ထွတ်ခြင်း။ \r\n\r\n-တစ်လ(၃)ကြိမ် တာဝန်မှူးတာဝန် ထမ်းဆောင်ခြင်း။\r\n\r\n', 'Assistant Manager', 5, 3, 13, 3, '2019-09-04 05:14:05', '2019-10-10 06:01:55'),
('00000500', 'Daw Aye Aye Khaing', 'Office 2A/2B ရွိ က်ား /မ အိမ္သာမ်ား သန္႔ရွင္းေရး ေဆာင္ရြက္ရန္', 'Cleaner', 5, 4, 13, 4, '2019-09-04 05:14:05', '2019-10-10 06:02:31'),
('00000506', 'U Aung Si Thu Hein', '\r\n\r\nမိမိတာဝန္က်သည့္ လမ္းေၾကာင္းအလိုက္ ရံုးဝန္ထမ္းမ်ားကို ရံုးႀကိဳ/ ပို႔ လုပ္ေဆာင္ေပးရန္။\r\n\r\nမိမိအား တာဝန္ေပးအပ္ထားသည့္ ေမာ္ေတာ္ယာဥ္ ႀကံ႕ခိုင္ေရးကို စိစစ္လုပ္ေဆာင္ရန္။\r\n\r\n', 'Driver', 5, 5, 13, 5, '2019-09-04 05:14:05', '2019-10-10 06:03:20');
INSERT INTO `employees` (`emp_id`, `emp_name`, `emp_jobdesp`, `emp_position`, `group_id`, `subdept_id`, `dept_id`, `team_id`, `created_at`, `updated_at`) VALUES
('00000522', 'U Htein Linn Thu', '\r\n\r\n-ဌာန၊ ဆိုဒ်များမှ နေ့စဉ်တင်ပြလာသော Demand များကို စီစစ်၍ လက်ခံ/ထုတ်ပေးခြင်း။ \r\n\r\n-Computer တွင် စာရင်းထည့်သွင်းခြင်းနှင့် ရရှိ/ထုတ်ပေးလက်ကျန် စာရင်းများအား နေ့စဉ်ရေးသွင်းရခြင်း။\r\n\r\n -ဌာန၊ ဆိုဒ်များမှ ဝယ်ယူလိုသော ပစ္စည်းစာရင်းများအား ပြုစု၍ ဝယ်ယူပြီး စာရင်းများအားရှင်းတမ်းနှင့်အတူ ပြန်လည်ပြုစုတင်ပြရခြင်း။\r\n\r\n -အပတ်စဉ် စနေနေ့တိုင်း ပစ္စည်းဝယ်ထွက်ခြင်း။\r\n\r\n -လက်ကျန် ပစ္စည်းများအား Stock စစ်ခြင်းနှင့် ပစ္စည်းထိန်းသိမ်းခြင်း။ \r\n\r\n-Ygn-Mdy ရှိ ဌာန၊ ဆိုဒ်များမှ လိုအပ်သော Voucher စာအုပ်များအား မှာယူပေးခြင်းနှင့် စနစ်တကျ ထုတ်ပေးခြင်း။ \r\n\r\n-Copier,Printer စက်ကြီးများနှင့် ပတ်သတ်သော ပြုပြင်ထိန်းသိမ်းခြင်း လုပ်ငန်းများအား ဆောင်ရွက်ပေးခြင်း။\r\n\r\n', 'Office Staff', 5, 1, 13, 1, '2019-09-11 05:53:53', '2019-10-10 06:04:11'),
('00000546', 'U Soe Htut Aung', '-------------', 'Manager(HOD)', 4, NULL, NULL, NULL, '2019-10-03 11:00:00', '2019-10-03 11:00:00'),
('00000611', 'U Mg Mg Myint', '\r\n\r\n-နံနက်(၇:၀၀) နာရီအချိန်တွင် Office (2A)ရုံးတွင်း/ပြင် လှည့်လည် စစ်ဆေး၍ ထူးခြားဖြစ်စဉ်များရှိပါက မန်နေဂျာသို့ တင်ပြခြင်း။ \r\n\r\n-Office (2A) နှင့် Toiletရှိ သန့်ရှင်းရေးဝန်ထမ်းများ၏ လုပ်ငန်းဆောင်ရွက်နေမှု အခြေအနေများကို လိုက်လံကြည့်ရှု့စစ်ဆေး၍ လိုအပ်ချက်များရှိပါက ထပ်မံဆောင်ရွက်စေခြင်း။ \r\n\r\n-Toilet ရှိ ရေပန်းခေါင်များ၊ဆီးခွက်အတွင်း ပရုပ်လုံးရှိ/မရှိ ၊လက်ဆေးခွက်ရှိရေခေါင်းများကောင်း/မကောင်း၊ Tissue များ၊ လက်ဆေးဆပ်ပြာရည်များ ရှိ/မရှိ စစ်ဆေးခြင်း။ \r\n\r\n-ဝန်ထမ်းများ၏ လိုအပ်ချက်များ ရှိပါက စီစဉ်ဆောင်ရွက်ပေးခြင်း။\r\n\r\n -အလုပ်သမားများ လိုအပ်ပါက ပြင်ပမှ အလုပ်သမားများအား ဌားရမ်း၍ ကြီးကြပ်ဆောင်ရွက်ပေးခြင်း။ \r\n\r\n-အခါအားလျောစွာ ကျင်းပပြုလုပ်သော အိမ်ရာအရောင်းပြပွဲများနှင့် အပတ်စဉ် ကျင်းပပြုလုပ်သော ဘာသာရေးပွဲများတွင် အခမ်းအနားပြင်ဆင်ခြင်း လုပ်ငန်းများအား ပူးပေါင်းကူညီဆောင်ရွက်ခြင်း။\r\n\r\n -အထက်လူကြီးများ၏ လုပ်ငန်းလိုအပ်ချက်အရ ပေါ်ပေါက်လာသော လုပ်ငန်းတာဝန်များအား ပူးပေါင်းဆောင်ရွက်ခြင်း။\r\n\r\n', 'Staff', 5, 4, 13, 4, '2019-09-04 05:14:05', '2019-10-10 06:05:39'),
('00000622', 'U Kyaw Naing', '\r\n\r\n-ရုံးလုပ်ငန်းများအတွက် ယာဉ်တောင်းခံမှုများ၊ ဖယ်ရီအသုံးပြုသူ ဝန်ထမ်းများ၊ VIP ကိစ္စရပ်များနှင့် OT ဆင်းသည့် ဝန်ထမ်းများအတွက် ယာဉ်စီစဉ်ပေးရခြင်း။\r\n\r\n -GPS စောင့်ကြည့် စစ်ဆေးခြင်း။\r\n\r\n -ယာဉ်မတော်တဆမှုများ ဖြေရှင်းပေးရခြင်း။ \r\n\r\n-ရုံးပိတ်ရက်များတွင် ယာဉ်မောင်းတာဝန် ချထားပေးရခြင်း။ \r\n\r\n-ရုံးတွင်း အခမ်းအနားပွဲများတွင် ပါဝင် ဆောင်ရွက်ပေးခြင်း။ \r\n\r\n-ရုံးပိတ်ရက်တွင် ဌာနတာဝန်မှူး(Duty ) ဆောင်ရွက်ရခြင်း။\r\n\r\n', 'Assistant Manager', 5, 5, 13, 5, '2019-09-04 05:14:05', '2019-10-10 06:06:31'),
('00000629', 'U Khiang Ye Zaw', '\r\n\r\n1.	CCTV များတပ်ဆင်ခြင်း/ပြုပြင်ထိန်းသိမ်းခြင်း၊ \r\n\r\n 2.	CCTV Data Record များအား စနစ်တကျ ထိန်းသိမ်းခြင်း၊ Backup ပြုလုပ်ခြင်း၊ \r\n\r\n 3.	SAP Server Infra ကိစ္စရပ်များကို ကူညီဖြေရှင်းပေးခြင်း၊ \r\n\r\n4.	Computer Service များကို ကူညီဆောင်ရွက်ပေးခြင်း\r\n\r\n', 'Assistant Manager', 5, NULL, 15, NULL, '2019-09-11 06:40:59', '2019-10-10 06:07:16'),
('00000652', 'U Tin Htwe', '\r\n\r\n-Office (2A/2B)အတွက် ရေသန့်စင်ခြင်း၊ ရေတင်ပေးခြင်း။ \r\n\r\n-သောက်ရေသန့်ဘူးများ လဲလှယ် ဖြည့်တင်းပေးခြင်း။ \r\n\r\n-နေ့စဉ် Office (2A/2B)နှင့် မင်္ဂလာပါရမီစေတီတော်တို့တွင် ဆွမ်းကပ်ခြင်း။\r\n\r\n -ရေအား တစ်နေ့လျှင် (၄)ကြိမ်မှ (၅)ကြိမ် တင်ပေးရခြင်း။ \r\n\r\n-ညနေတွင် အမှိုက်များအား စု၍ ပစ်ပေးခြင်း။ \r\n\r\n-အခါအားလျော်စွာ ကျင်းပပြုလုပ်သော အိမ်ရာအရောင်းပြပွဲများအား၊ ဘာသာရေးဆိုင်ရာပွဲများတွင် အထွေထွေ ဝိုင်းဝန်းကူညီ ပူးပေါင်းဆောင်ရွက်ခြင်း။\r\n\r\n', 'Security', 5, 1, 13, 1, '2019-09-11 06:01:55', '2019-10-10 06:08:23'),
('00000653', 'U Myo Zaw Lin Htun', '\r\n\r\n(က) စာဝင်/စာထွက်/Meeting Minutes များအားမှတ်တမ်းထားရှိခြင်း။ \r\n\r\n(ခ) Bill နှင့် လုပ်ငန်းစာချုပ်များအား စစ်ဆေးလက်ခံခြင်း၊စာရင်သွင်းခြင်း နှင့် သက်ဆိုင်ရာဌာနသို့ ပေးပို့ခြင်း။ \r\n\r\n(ဂ) Contract Record များပြုလုပ်ခြင်း။\r\n\r\n (ဃ) Drawing များသိမ်းဆည်းခြင်း/ပြန်လည်ဖြန့်ဝေခြင်း။ \r\n\r\n(င) Daily Admin Report များစုစည်း၍ Project Director-1 ထံသို့ Weekly Report တင်ပြခြင်း။ \r\n\r\n(စ) Store လချုပ်စာရင်းများ PD ထံတင်ပြ၍ သိမ်းဆည်းခြင်း။\r\n\r\n', 'Office Staff', 4, NULL, 10, NULL, '2019-09-11 05:45:31', '2019-10-10 06:09:10'),
('00000675', 'Daw April Nway Aung', '\r\n\r\n(က) စီမံကိန်းတွက်သုံးမည့် ငွေလျာထားသတ်မှတ်ခြင်းလုပ်ငန်းစဉ်အလိုက်ခွဲဝေအသုံးပြုစာရင်းရေးဆွဲခြင်း။ \r\n\r\n(ခ) ဆောင်ရွက်ရန်၊ ဆောင်ရွက်ပြီး၊ ဆောင်ရွက်ရန်ကျန်လုပ်ငန်းများအတွက်အပတ်စဉ်၊ လစဉ်အသုံးပြုရန်/ပြုပြီး/လက်ကျန်      များအားရေးဆွဲခြင်း။ \r\n\r\n(ဂ) Requestion Material (RM) အတွက်ခွင့်ပြုမည့်စာရင်းစီစစ်ထုတ်ပေးခြင်း။      Requestion Work ( RW) များအတွက် ခွင့်ပြုရန်စီစစ်ပေးခြင်း။\r\n\r\n (ဃ) PD သို့ Report ပေးခြင်း။ \r\n\r\n(င) လအလိုက်သုံးစွဲမည့် ငွေကြေးလျာထားမှုများအား တစ်လတစ်ကြိမ်အစီအရင်ခံတင်ပြခြင်း။\r\n\r\n (စ) လိုအပ်သောလုပ်ငန်းစာချုပ်ချုပ်ဆိုရန် Scope များ Budget များစီစစ်ခြင်း၊ PD ထံမှ အတည်ပြုချက်ရယူခြင်းနှင့်        Contractor ဌာနသို့တင်ပြတောင်ခံခြင်း။\r\n\r\n', 'SAE', 4, NULL, 10, NULL, '2019-09-11 05:39:37', '2019-10-10 06:10:12'),
('00000721', 'Daw Thae Pont Pont Khin', '\r\n\r\n-ရုံးဝင်စာ/ထွက်စာများ ဖြန့်ဝေခြင်းနှင့် လက်ခံခြင်း။\r\n\r\n -ရုံးမှတ်တမ်းဖိုင်များ စနစ်တကျ မှတ်တမ်းတင် ပြုစုခြင်း။\r\n\r\n -Petty Cash (အသေးသုံးစာရင်း)များအား ရှင်းတမ်းများနှင့်တကွ ပြန်လည်တင်ပြခြင်း။\r\n\r\n -Admin တွင် ကျင်းပသော ပွဲများအလိုက် ရှင်းတမ်းများ ရှင်းလင်းတင်ပြခြင်း။\r\n\r\n -(၇)မိုင် အိမ်ရာကြေးများအား ကောက်ခံ၍ ရှင်းတမ်းများ တင်ပြခြင်းနှင့် ဖိုင်များ စနစ်တကျ စာရင်းပြုစုထားခြင်း။ \r\n\r\n-မြိတ်/ဆီအုန်းခြံနှင့် ပတ်သတ်သော ဖိုင်များ၊ ရှင်းတမ်းများအား ပြုလုပ်ပေးရခြင်း။ \r\n\r\n-Admin ရှိ ဝန်းထမ်းများ၏ Overtime စာရင်းများ ဆောင်ရွက်ပေးရခြင်း။ -Metting Minutes များ ရိုက်ပေးခြင်း။\r\n\r\n -လစဉ် ဆက်ဆံရေးကြေးများအား သက်ဆိုင်ရာလူများအား လွှဲပေးခြင်းနှင့် ရှင်းတမ်းပြန်လည်တင်ပေးခြင်း။ \r\n\r\n-ရံဖန်ရံခါ ဧည့်ကြိုဌာန၊ မော်တော်ယာဉ်ဌာန၊ လုံခြုံရေးဌာနမှ တာဝန်များကို ကူညီလုပ်ကိုင်ပေးခြင်း။\r\n\r\n', 'Office Staff', 5, 1, 13, 1, '2019-09-11 05:56:18', '2019-10-10 06:11:07'),
('00000884', 'U Aung Kyaw Moe', '\r\n\r\nDataCenter နှင့် ပတ်သက် Infra ကိစ္စများ၊ Virtual Machine Management ကိစ္စများ စီစစ်ဆောင်ရွက်ပေးခြင်း။ \r\n\r\n-DataCenter လည်ပတ်မှုနှင့်ပတ်သက်သော ကိစ္စရပ်များ စနစ်တကျ ထိန်းသိမ်းစောက်ရှောက်ကိုင်တွယ်ဖြေရှင်းပေးခြင်း။ \r\n\r\n-SAP Server များ ပုံမှန်လည်ပတ်မှုနှင့် ကောင်းမွန်စွာ လုပ်ကိုင်မှုရှိ/မရှိ စစ်ဆေးပေးခြင်း။ \r\n\r\n-SAP Log များ စစ်ဆေးခြင်း၊ မလိုအပ်သည်များအား ဖယ်ရှားပေးခြင်း။\r\n\r\n -SAP Server Daily Back-up များစစ်ဆေးပေးခြင်း။ \r\n\r\n-Helpdesk System အား စီမံခန့်ခွဲပေးခြင်း၊ Service Job များခွဲပေးခြင်း။\r\n\r\n -Firewall Management ဆောင်ရွက်ပေးခြင်း။ \r\n\r\n-Company Web-page အတွက် လိုအပ်သည်များကို ထိန်းသိမ်းစောင့်ရှောက်စီမံဆောင်ရွက်ပေးခြင်း။\r\n\r\n', 'Manager', 5, NULL, 15, NULL, '2019-09-09 06:35:10', '2019-10-10 06:11:51'),
('00000939', 'U Zayar Myint', '\r\n\r\n1.	Diagnose Computer hardware, network systems and computer software programs များကို စစ်ဆေးပေးခြင်း၊ \r\n\r\n2.	နေ့စဉ် Server များ၏ Performance & Capacity များကို စစ်ဆေးပေးခြင်း \r\n\r\n3.	End user များ၏ Information များနှင့် Data များအား According to Policies များအတိုင်း ဖြစ်စေရေးအတွက် စနစ်တကျ ဆောင်ရွက်ပေးခြင်း \r\n\r\n4.	ပုံမှန် Service Support & General Maintenance များ ဆောင်ရွက်ပေးခြင်း \r\n\r\n5.	လိုအပ်သော Software များသွင်းခြင်း/ IT ပြသာနာများအား အဖြေရှာခြင်း/ဖြေရှင်းခြင်း/ troubleshooting ကိစ္စများ ဆောင်ရွက်ပေးခြင်း\r\n\r\n 6.	မမျှော်လင့်ထားသော IT issue များဖြစ်ပေါ်လာပါက ဆောင်ရွက်သင့်သည့်ကိစ္စများကို အထက်လူကြီးထံသို့ အချိန်နှင့်တပြေးညီ ဆောင်ရွက်ပေးခြင်း \r\n\r\n7.	Strong Server တွင် လိုအပ်သော Data Backup များပြုလုပ်ခြင်း၊ ပုံမှန်စစ်ဆေးမှုများ ဆောင်ရွက်ခြင်း \r\n\r\n8.	Data Transfer ဆောင်ရွက်မှုတွင် လိုအပ်သော Permission ပေးမှု ကိစ္စများကို မှန်ကန်စေရန် ဆောင်ရွက်ပေးခြင်း \r\n\r\n9.	Computer နှင့် ဆက်စပ်သော IT ပစ္စည်းများကို ပုံမှန်စစ်ဆေးမှုများ ဆောင်ရွက်ပေးခြင်း \r\n\r\n 10.	Computer များအတွက် Drone Photo Record များ ဆောင်ရွက်ပေးခြင်း\r\n\r\n', 'IT Assistant', 5, NULL, 15, NULL, '2019-09-11 06:43:23', '2019-10-10 06:12:41'),
('00000940', 'U Moe Sett Kha', '\r\n\r\n1.	Diagnose Computer hardware, network systems and computer software programs များကို စစ်ဆေးပေးခြင်း၊ \r\n\r\n2.	နေ့စဉ် Server များ၏ Performance & Capacity များကို စစ်ဆေးပေးခြင်း\r\n\r\n 3.	End user များ၏ Information များနှင့် Data များအား According to Policies များအတိုင်း ဖြစ်စေရေးအတွက် စနစ်တကျ ဆောင်ရွက်ပေးခြင်း \r\n\r\n4.	ပုံမှန် Service Support & General Maintenance များ ဆောင်ရွက်ပေးခြင်း\r\n\r\n 5.	လိုအပ်သော Software များသွင်းခြင်း/ IT ပြသာနာများအား အဖြေရှာခြင်း/ဖြေရှင်းခြင်း/ troubleshooting ကိစ္စများ ဆောင်ရွက်ပေးခြင်း \r\n\r\n6.	မမျှော်လင့်ထားသော IT issue များဖြစ်ပေါ်လာပါက ဆောင်ရွက်သင့်သည့်ကိစ္စများကို အထက်လူကြီးထံသို့ အချိန်နှင့်တပြေးညီ ဆောင်ရွက်ပေးခြင်း \r\n\r\n7.	Strong Server တွင် လိုအပ်သော Data Backup များပြုလုပ်ခြင်း၊ ပုံမှန်စစ်ဆေးမှုများ ဆောင်ရွက်ခြင်း \r\n\r\n8.	Data Transfer ဆောင်ရွက်မှုတွင် လိုအပ်သော Permission ပေးမှု ကိစ္စများကို မှန်ကန်စေရန် ဆောင်ရွက်ပေးခြင်း \r\n\r\n9.	Computer နှင့် ဆက်စပ်သော IT ပစ္စည်းများကို ပုံမှန်စစ်ဆေးမှုများ ဆောင်ရွက်ပေးခြင်း  \r\n\r\n10.	Computer များအတွက် Drone Photo Record များ ဆောင်ရွက်ပေးခြင်း\r\n\r\n', 'IT Assistant', 5, NULL, 15, NULL, '2019-09-11 06:44:01', '2019-10-10 06:13:38'),
('00000946', 'U Kyaw Naing Soe', '\r\n\r\nေမာ္ေတာ္ယာဥ္ဌာနရွိ ယာဥ္မ်ားအား သန္႔ရွင္းေရးလုပ္ျခင္း ၊ ေရေဆးျခင္း ။ \r\n\r\nဌာနပတ္၀န္းက်င္ သန္႔ရွင္းေရးျပဳလုပ္ျခင္း ။\r\n\r\n CM ၏ ထမင္းခ်ိဳင့္ ယူေဆာင္ေပးရျခင္း ။\r\n\r\n', 'Cleaner', 5, 4, 13, 4, '2019-09-04 05:14:05', '2019-10-10 06:18:21'),
('00000982', 'Daw Ei Hnin Pwint Khaing', '\r\n\r\n-Sales Target များခန့်မှန်းသတ်မှတ်ခြင်း။ \r\n\r\n-ချမှတ်ထားသော Sales Targets များ ပြည့်မီအောင် စီစဉ်ဆောင်ရွက်ခြင်း။Strategies & Sale Plans များချမှတ်ခြင်း။\r\n\r\n -Customer Database ပိုမိုကောင်းမွန်အောင် စီစဉ်ဆောင်ရွက်ခြင်း။ \r\n\r\n-team အင်အား ပိုမိုပြည့်မီကောင်းမွန်လာစေရန် လူသစ်များ ခေါ်ယူခန့်အပ်သင်ကြားပေးခြင်း။\r\n\r\n -Customer Relationships ပိုမိုကောင်းမွန်လာစေရန် လိုအပ်ချက်များကို စစ်ဆေးပြီး ကြိုတင်စီစဉ်ဆောင်ရွက်ခြင်း။ \r\n\r\n-လက်ရှိအရောင်းStatus၊ လက်ခံရရှိငွေ၊ Sale Close ရန် ရှိနေသော Customers များ၏ Report များကို Marketing Director ထံ တင်ပြအစီရင်ခံခြင်း။\r\n\r\n-လက်ရှိစျေးကွက်အခြေအနေများ၊ စျေးနှုန်းများ၊ ပြိုင်ဘက်ကုမ္ပဏီများ၏ အခြေအနေများကို စဉ်ဆက်အပြတ်လေ့လာပြီး တင်ပြဆွေးနွေးရန်။\r\n\r\n -Customers များ၏ ညှိနှိုင်းခြင်း ကိစ္စများအတွက် အဓိက Contact Person အဖြစ် ရှိနေပေးရန်။\r\n\r\n -Customers များနှင့် ရေရှည်ကောင်းမွန်ခိုင်ခံ့သော Relationship တည်ဆောက်ထိန်းသိမ်းရန်။ \r\n\r\n-Sales Prices Negotiations များ၏ Maximum Profit Margin ရရှိရေး တာဝန်ယူ ညှိနှိုင်းဆွေးနွေးရန်။\r\n\r\n -Customers များနှင့် ဆက်စပ်နေသော ပတ်ဝန်းကျင်၊ မိတ်ဆွေ၊ Referrals များကြားတွင် နာမည်ကောင်းနှင့် ရပ်တည်နိုင်ရန်။ \r\n\r\n-လိုအပ်ချက်များ၊ ဆောင်ရွက်ပေးရန်များအတွက် Solutions ကို အချိန်မီ အဆင်ပြေဆုံးဆောင်ရွက်ပေးရန်။\r\n\r\n -လက်ရှိဆောင်ရွက်နေသော Sales Leads/Initiatives များကို Weekly/Monthly/Report များတင်ပြရန်။\r\n\r\n -လက်ရှိ ရှိရင်းစွဲ Customers များကို အခြားခြားသော Product Deals များ ထပ်မံရောင်းချရန် နှင့် လိုအပ်နိုင်သည်များကို ကြိုတင်ပြင်ဆင်ဆောင်ရွက်ထားရန်။\r\n\r\n -ခန့်မှန့်ထားသော Sales Targets များ ပြည့်မီအောင် ဆောင်ရွက်ရန် လမ်းစဉ်များ ပြင်ဆင်တင်ပြရန်။ \r\n\r\n-Customer Status Reports များ ပြင်ဆင်တင်ပြခြင်း။\r\n\r\n -Sales team Members များအတွက် ချမှတ်ပေးထားသော Customer နယ်ပယ်အတွင်း အောင်မြင်စွာရောင်းချနိုင်ရန် ကူညီထောက်ပံ့ပေးခြင်း။ \r\n\r\n-Customers များက တောင်းဆိုသော ခက်ခဲသော Request များ၊ တောင်းဆိုချက်များကို ကူညီညှိနှိုင်းပေးခြင်း။\r\n\r\n', 'General.Manager', 3, NULL, 9, NULL, '2019-09-10 06:06:04', '2019-10-10 06:20:55'),
('00001008', 'U Tun Tun Naing', '\r\n\r\n-ရုံးလုပ်ငန်းပိုင်းဆိုင်ရာများ စနစ်တကျ ရှိစေရေး ကြပ်မတ်ဆောင်ရွက်ခြင်း။\r\n\r\n -အခြားဌာနများ၊ ဆိုဒ်များနှင့် ဆက်သွယ်၍ လုပ်ငန်းများအဆင်ပြေအောင် ညှိနှိုင်းဆောင်ရွက်ခြင်း။ \r\n\r\n-ဝန်းထမ်းများ၏ စားသောက်နေထိုင်ရေး ကိစ္စများ ဆောင်ရွက်ပေးခြင်း။\r\n\r\n -Ferryကြို/ပို့ ကိစ္စများ စနစ်တကျ မှန်ကန်စေရန် ဆောင်ရွက်ပေးခြင်း။ \r\n\r\n-ဝန်းထမ်းများ လုပ်ငန်းခွင်အသီးသီး၌ လုပ်ငန်းများအဆင်ပြေချောမွေ့စေရန်အတွက် လိုအပ်သည်များ ပံ့ပိုးပေးခြင်း။\r\n\r\n -ဝန်းထမ်း/အလုပ်သမား စည်းကမ်းများအား ထုတ်ပြန်၍ စည်းကမ်းပိုင်ဆိုင်ရာများအား ကြပ်မက်ကွပ်ကဲခြင်း။ \r\n\r\n-ဘာသာရေးဆိုင်ရာ လုပ်ငန်းများအား အချိန်နှင့်တပြေးညီ လုပ်ဆောင်ခြင်း။\r\n\r\n -အထက်အကြီးအကဲများ၏ ညွှန်ကြားချက်များအရ တာဝန်ပေးမှုများကို လုပ်ဆောင်ခြင်း။\r\n\r\n', 'Manager', 5, 1, 13, 1, '2019-09-09 03:33:14', '2019-10-10 06:21:30'),
('00001011', 'Daw War War Naing', '\r\n\r\n-Office(2A) အစည်းအဝေးပွဲများအတွက် ပြင်ဆင်ပေးခြင်း(ရေ၊ ရေနွေး၊ ကော်ဖီ၊ မုန့်)။ \r\n\r\n-ဧည့်တွေ့လိုသူနှင့် ဌာနတာဝန်ခံများအား အချိန်နှင့်တပြေးညီ ချိတ်ဆက်ပေးခြင်း။\r\n\r\n -Phone Book နှင့် ဧည့်မှတ်တမ်းများ ထားရှိခြင်း။ \r\n\r\n-ပြင်ပမှ ဆက်သွယ်လာသော ဖုန်းများအား သက်ဆိုင်ရာဌာန/ဝန်ထမ်းများသို့ လွှဲပြောင်းပေးခြင်း(သို့)ဖုန်းလက်ခံသူ မရှိပါက Reception တွင် သေချာလက်ခံထား၍ သက်ဆိုင်ရာဌာန/ဝန်ထမ်းများသို့ သတင်းပို့ခြင်း။ \r\n\r\n-Meeting Room များ သန့်ရှင်းသပ်ရပ်မှု ရှိစေရန် စစ်ဆေးရခြင်း။\r\n\r\n -ဧည့်သည် ဧည့်ခံကျွေးမွေးရန်နှင့် ပတ်ဝန်းကျင်သန့်ရှင်းမှုအား ထိန်းသိမ်းကြီ:ကြပ်ခြင်း။\r\n\r\n -အပတ်စဉ် ကြာသပတေးနေ့တိုင်း ဝတ်ရွတ်အဖွဲ့များအား ကျွေးမွေးရေး ဆောင်ရွက်ခြင်း။\r\n\r\n -အိမ်ရာအရောင်းပြပွဲများရှိပါက ဝိုင်းဝန်းကူညီဆောင်ရွက်ပေးခြင်း။\r\n\r\n', 'Receptionist', 5, 2, 13, 2, '2019-09-04 05:14:05', '2019-10-10 06:22:17'),
('00001014', 'U Thiha Lin', '\r\n\r\n(၁) ဉက္ကဌ (သို့) DYMD မှအတည်ပြုထားသော Business Plan အရ လုပ်ငန်းစီမံချက်အရ Master Plan အားရေးဆွဲရန်      PD Unit များသို့ညွှန်ကြားခြင်းနှင့်စိစစ်ပြီး ED ထံတင်ပြခြင်း။ \r\n\r\n(၂) Master Plan တွင်ပါဝင်သော Budget နှင့် Schedule အားစိစစ်ခြင်း၊အကောင်ထည်ဖော်စေခြင်းနှင့် Report များ      တောင်းခံခြင်း Review ပြုလုပ်ခြင်းနှင့် ED ၏ညွှန်ကြားချက်အရ အရေးယူဆောင်ရွက်ခြင်း၊ညွှန်ကြားချက်များ       ပြုလုပ်ခြင်။ \r\n\r\n(၃) အမှုဆောင်ဒါရိုက်တာ ရုံးနှင့်လက်အောက်ဌာနများ၏ အုပ်ချုပ်မှုကိစ္စရပ်များအတွက် လိုအပ်သောအုပ်ချုပ်မှုစနစ်များရေး       ဆွဲခြင်း(OGC, Work Flow, Standard Format များချမှတ်ခြင်း)၊ တင်ပြလာသော အုပ်ချုပ်မှုစနစ်များအားစိစစ်၍        ED ထံတင်ပြအတည်ပြုချက်ရယူခြင်း။\r\n\r\n (၄) စီမံကိန်းများ၏ Budget နှင့် Cash Flow များအားတောင်းခံ၍ စိစစ်သုံးသပ်ပြီး ED ထံတင်ပြအစီအရင်ခံခြင်း။ \r\n\r\n(၅) အပတ်စဉ်/လစဉ် လုပ်ငန်းတိုးတက်မှု အစီရင်ခံစာ များအားတောင်းခံခြင်း၊ပြန်လည်သုံးသပ်ခြင်းနှင့် ED ထံတင်ပြအစီ      အရင်ခံခြင်း။ \r\n\r\n(၆) အရေးကြီးလုပ်ငန်းများ၏ လုပ်ငန်းတိုးတက်မှု၊ဆောင်ရွက်မှုအခြေအနေများအားစိစစ်ခြင်း၊တွန်းအားပေးခြင်းနှင့်ED      ထံတင်ပြအစီရင်ခံခြင်း။ \r\n\r\n(၇) PDD, QA/QC, Logistics ဌာနများ၏လုပ်ငန်းဆောင်ရွက်မှုများအား အပတ်စဉ်/လစဉ် Report များတောင်းခံခြင်း၊       Review ပြုလုပ်ခြင်းနှင့် ED ထံတင်ပြအစီအရင်ခံခြင်း။ \r\n\r\n(၈) SAP Software Development ကိစ္စရပ်များတွင် Project System ရုံးမှ ED ရုံးကိုယ်စားပြုပါဝင်ခြင်း။ \r\n\r\n(၉) BOD Report များ၊အထူးညွှန်းကြားချက်များဆောင်ရွက်ခြင်း။\r\n\r\n (၁၀) အမှုဆောင်ဒါရိုက်တာ၏ဆောင်ရွက်ရန်လုပ်ငန်းများအားစီမံပေးခြင်းနှင့် Report ပြုလုပ်ပေးခြင်း။ \r\n\r\n(၁၁) Marketing ဌာနမှရောက်ရှိလာသော Budget နှင့် Milestone Schedule များ၊ Customer များလုပ်ငန်းလိုအပ်ချက်         များအား ED ထံတင်ပြအစီအရင်ခံခြင်း၊ PD များသို့ဆက်လက်ညွန်ကြားခြင်း၊မှတ်တမ်းများသိမ်းဆည်းခြင်းနှင့်         လုပ်ငန်းအခြေအနေများအားစောင့်ကြည့်ခြင်း။\r\n\r\n (၁၂) အမှုဆောင်ဒါရိုက်တာအားတာဝန်ခံ၍ လုပ်ငန်းညှိနှိုင်းအစည်းအဝေးများတက်ရောက်ခြင်း၊ Site Visit များသွားလာ       ခြင်းနှင့် လုပ်ငန်းတိုးတက်မှုအခြေနေ၊ အုပ်ချုပ်မှုဆိုင်ရာအခြေအနေများအားအစီစဉ်ခံခြင်းမှတ်တမ်းထားရှိခြင်းနှင့်       စောင့်ကြည့်ထိန်းသိမ်းခြင်း(Tracking)\r\n\r\n', 'Executive Engineer', 4, NULL, 10, NULL, '2019-09-10 06:08:45', '2019-10-10 06:23:10'),
('00001019', 'U Min Khant Maung', '\r\n\r\n-ရုံးတက်/ဆင်းနှင့် ခွင့်စာရင်းများ ပေးပို့ခြင်း။ \r\n\r\n-မော်တော်ယာဉ် ဆီဖိုးငွေ ထုတ်ပေးခြင်းနှင့် စာရင်းဖြင့် ပြန်လည်တင်တောင်းခြင်း။ \r\n\r\n-မော်တော်ယာဉ်တောင်းခံမှုများ စာရင်းရေးသွင်းပေးခြင်း။ \r\n\r\n-မော်တော်ယာဉ် Overtime စာရင်းများ ရေးသွင်းခြင်းနှင့် ပေးပို့ခြင်း။\r\n\r\n -မော်တော်ယာဉ် ပြင်ဆင်မှုစာရင်းများ ရေးသွင်းခြင်း၊ Scan ဖတ်ခြင်း၊ သိမ်းဆည်းခြင်း။ \r\n\r\n-မော်တော်ယာဉ်ဌာနရှိ ရုံ:တွင်းစာများ ရိုက်ပေးခြင်း။ \r\n\r\n-မင်္ဂလာပါရမီစေတီ ဘုရားကိစ္စများ ဆောင်ရွက်ပေးရခြင်း။\r\n\r\n', 'Office Staff', 5, 5, 13, 5, '2019-09-04 05:14:05', '2019-10-10 06:24:02'),
('00001026', 'Daw May Sandar  Htun', '\r\n\r\n•	Lead Recruitment & Selection Process(HRM)  •	Review payroll calculation & reporting process(HRM) \\\r\n\r\n•	Control regulation & employees awareness process(HRM) \r\n\r\n•	Communication with Government office (HRM) \r\n\r\n•	Implementation update employees personal files(HRM) \r\n\r\n•	Create employees motivation program(ER)\r\n\r\n•	Communication & Negotiation with all employees(ER) \r\n\r\n•	Complaints handling process(ER) \r\n\r\n•	Coach & Train to all HR members to develop their competencies(HRD)\r\n\r\n •	Monthly organization review & restructure(HRD) \r\n\r\n•	Control employees JD updating process (HRD)\r\n\r\n •	Provide orientation & necessary training (HRD)\r\n\r\n •	Lead Talent Development & Succession Program (HRD) \r\n\r\n•	Employees Assessment & Development Process (HRD) \r\n\r\n •	General Appraisal & Review Process (HRD) \r\n\r\n •	Define Standard Position Title & Salary Structure & Increment Process(HRD) \r\n\r\n•	Lead Motivation & awarding program (HRD) \r\n\r\n •	Monitor training module design (T&D)\r\n\r\n •	Training Conducting & Assessment (T&D) \r\n\r\n•	Review TNA & training evaluation process (T&D) \r\n\r\n •	Managing to smooth operation of internal & external process \r\n\r\n•	Conducting the internal & external meeting\r\n\r\n   •	Review internal report & feedback \r\n\r\n •	General report to superiors\r\n\r\n', 'Manager', 5, NULL, 14, NULL, '2019-09-09 05:44:18', '2019-10-10 06:25:24'),
('00001038', 'U Ye Yint Aung', '-', '-', 1, 1, 1, NULL, '2019-12-09 23:30:00', '2019-12-09 23:30:00'),
('1212121212aS', 'asdasd', '<p>asdasd</p>', 'MD', 5, NULL, NULL, NULL, '2020-02-21 00:56:00', '2020-02-21 00:56:33'),
('99999999', 'Chairman', '-----------', 'Chairman', 1, NULL, 1, NULL, '2019-10-03 11:00:00', '2019-10-03 11:00:00'),
('zxczxc', 'asdasd', '<p>asdasd</p>', 'ED', 5, NULL, NULL, NULL, '2020-02-21 01:08:40', '2020-02-21 01:09:24');

-- --------------------------------------------------------

--
-- Table structure for table `groups`
--

CREATE TABLE `groups` (
  `group_id` int(10) UNSIGNED NOT NULL,
  `group_name` varchar(60) COLLATE utf8mb4_unicode_ci NOT NULL,
  `created_at` timestamp NULL DEFAULT NULL,
  `updated_at` timestamp NULL DEFAULT NULL
) ENGINE=InnoDB DEFAULT CHARSET=utf8mb4 COLLATE=utf8mb4_unicode_ci;

--
-- Dumping data for table `groups`
--

INSERT INTO `groups` (`group_id`, `group_name`, `created_at`, `updated_at`) VALUES
(1, 'Group I', '2020-02-17 20:50:45', '2020-02-17 20:50:45'),
(2, 'Group II', '2020-02-17 20:50:45', '2020-02-17 20:50:45'),
(3, 'Group III', '2020-02-17 20:50:45', '2020-02-17 20:50:45'),
(4, 'Group IV', '2020-02-17 20:50:45', '2020-02-17 20:50:45'),
(5, 'Group V', '2020-02-17 20:50:45', '2020-02-17 20:50:45'),
(6, 'asdasd2323asdasd', '2020-02-21 00:27:56', '2020-02-21 00:41:44'),
(7, 'asdasdasd123', '2020-02-21 00:48:44', '2020-02-21 00:48:55');

-- --------------------------------------------------------

--
-- Table structure for table `hod_reports`
--

CREATE TABLE `hod_reports` (
  `id` int(10) UNSIGNED NOT NULL,
  `hod_person` varchar(255) COLLATE utf8mb4_unicode_ci NOT NULL,
  `status` varchar(255) COLLATE utf8mb4_unicode_ci NOT NULL,
  `feedback` varchar(255) COLLATE utf8mb4_unicode_ci DEFAULT NULL,
  `report_desc` varchar(255) COLLATE utf8mb4_unicode_ci DEFAULT NULL,
  `report_attached_file` varchar(255) COLLATE utf8mb4_unicode_ci DEFAULT NULL,
  `projConfig_id` int(10) UNSIGNED DEFAULT NULL,
  `percentage` varchar(222) COLLATE utf8mb4_unicode_ci NOT NULL,
  `created_at` timestamp NULL DEFAULT NULL,
  `updated_at` timestamp NULL DEFAULT NULL
) ENGINE=InnoDB DEFAULT CHARSET=utf8mb4 COLLATE=utf8mb4_unicode_ci;

--
-- Dumping data for table `hod_reports`
--

INSERT INTO `hod_reports` (`id`, `hod_person`, `status`, `feedback`, `report_desc`, `report_attached_file`, `projConfig_id`, `percentage`, `created_at`, `updated_at`) VALUES
(11, '00000090', '1', '', 'asdfghj', NULL, 61, '33', '2020-02-27 22:19:27', '2020-02-28 07:10:08'),
(12, '00000090', '1', '', 'xfghjk', NULL, 61, '56', '2020-02-27 22:38:50', '2020-02-28 07:10:08'),
(13, '00000090', '1', '', 'Test', NULL, 61, '90', '2020-02-28 03:34:00', '2020-02-28 07:10:08'),
(14, '00000090', '0', '', 'test23', NULL, 68, '10', '2020-02-28 03:43:09', '2020-02-28 03:43:09');

-- --------------------------------------------------------

--
-- Table structure for table `hot_reports`
--

CREATE TABLE `hot_reports` (
  `id` int(10) UNSIGNED NOT NULL,
  `hot_person` varchar(255) COLLATE utf8mb4_unicode_ci DEFAULT NULL,
  `status` varchar(255) COLLATE utf8mb4_unicode_ci NOT NULL,
  `hot_feedback` varchar(255) COLLATE utf8mb4_unicode_ci NOT NULL,
  `hot_report_desc` varchar(255) COLLATE utf8mb4_unicode_ci DEFAULT NULL,
  `hot_report_attached_file` varchar(255) COLLATE utf8mb4_unicode_ci DEFAULT NULL,
  `assigntb_id` int(10) UNSIGNED NOT NULL,
  `created_at` timestamp NULL DEFAULT NULL,
  `updated_at` timestamp NULL DEFAULT NULL
) ENGINE=InnoDB DEFAULT CHARSET=utf8mb4 COLLATE=utf8mb4_unicode_ci;

-- --------------------------------------------------------

--
-- Table structure for table `migrations`
--

CREATE TABLE `migrations` (
  `id` int(10) UNSIGNED NOT NULL,
  `migration` varchar(255) COLLATE utf8mb4_unicode_ci NOT NULL,
  `batch` int(11) NOT NULL
) ENGINE=InnoDB DEFAULT CHARSET=utf8mb4 COLLATE=utf8mb4_unicode_ci;

--
-- Dumping data for table `migrations`
--

INSERT INTO `migrations` (`id`, `migration`, `batch`) VALUES
(1, '2020_01_07_095741_create_groups_table', 1),
(2, '2020_01_07_095808_create_departments_table', 1),
(3, '2020_01_07_095821_create_sub_departments_table', 1),
(4, '2020_01_07_095849_create_teams_table', 1),
(5, '2020_01_07_095901_create_employees_table', 1),
(6, '2020_01_07_095925_create_missions_table', 1),
(7, '2020_01_07_100011_create_tasks_table', 1),
(8, '2020_01_07_100013_create_share_information_table', 1),
(9, '2020_01_07_100134_create_remarks_table', 1),
(10, '2020_01_07_100226_create_roles_table', 1),
(11, '2020_01_07_100236_create_users_table', 1),
(12, '2020_01_07_100334_create_password_resets_table', 1),
(13, '2020_01_24_043418_create_cbp_lists_table', 1),
(14, '2020_01_24_052034_create_cbp_subtasks_table', 1),
(15, '2020_01_29_050232_create_projects_table', 1),
(16, '2020_01_29_051238_create_project_task_assigns_table', 1),
(17, '2020_02_01_080126_create_assign_to_hots_table', 1),
(18, '2020_02_18_060225_create_project_configs_table', 2);

-- --------------------------------------------------------

--
-- Table structure for table `missions`
--

CREATE TABLE `missions` (
  `mission_id` int(10) UNSIGNED NOT NULL,
  `job_type` varchar(255) COLLATE utf8mb4_unicode_ci NOT NULL,
  `job_target` varchar(255) COLLATE utf8mb4_unicode_ci NOT NULL,
  `job_obj` longtext COLLATE utf8mb4_unicode_ci NOT NULL,
  `jobfinished_date` datetime NOT NULL,
  `doing_methods` longtext COLLATE utf8mb4_unicode_ci NOT NULL,
  `attach_files` varchar(255) COLLATE utf8mb4_unicode_ci NOT NULL,
  `status` int(11) NOT NULL,
  `issue_resolve_ways` mediumtext COLLATE utf8mb4_unicode_ci NOT NULL,
  `remark` mediumtext COLLATE utf8mb4_unicode_ci NOT NULL,
  `emp_id` varchar(255) COLLATE utf8mb4_unicode_ci NOT NULL,
  `created_at` timestamp NULL DEFAULT NULL,
  `updated_at` timestamp NULL DEFAULT NULL
) ENGINE=InnoDB DEFAULT CHARSET=utf8mb4 COLLATE=utf8mb4_unicode_ci;

--
-- Dumping data for table `missions`
--

INSERT INTO `missions` (`mission_id`, `job_type`, `job_target`, `job_obj`, `jobfinished_date`, `doing_methods`, `attach_files`, `status`, `issue_resolve_ways`, `remark`, `emp_id`, `created_at`, `updated_at`) VALUES
(1, 'Dr.', 'Cumque sit nihil non tenetur nam adipisci totam qui in debitis.', 'Magnam repellendus vel eveniet tenetur voluptatem est recusandae. Consequuntur aut magnam consequuntur iure sint eum et dolore. Voluptates ea voluptas possimus.', '2003-11-06 08:38:53', 'Ipsam et ducimus id nostrum', '0', 0, 'Mollitia itaque quis reiciendis reprehenderit magnam. Est vel repudiandae quia sequi minima fugit. Est cupiditate rem ratione iusto explicabo perspiciatis ad.', 'Ab et ullam amet reprehenderit est possimus. Magnam autem consequuntur at sed nemo cum. Harum consectetur dolore in vero quo.', '00000522', '2020-02-17 20:52:21', '2020-02-17 20:52:21'),
(2, 'sdsafe', 'sdesad', '<p>sddad</p>', '2020-02-04 10:22:00', '<p>sasdad</p>', 'missions/WSdkBEO8MaAwzoU6sM3mNSJ5mw2ymXnwd3fRlQT1.jpeg', 2, '<p>ssasad</p>', 'sasdd', '00000005', '2020-02-18 21:23:02', '2020-02-19 22:34:41'),
(3, 'SD', 'ASDAS', '<p>SDA</p>', '2020-02-05 10:29:00', '<p>DADSAD</p>', 'missions/ulL9qcHgC1s5Zd1iN42EXeXAJDk0KWb81HrfbY8i.jpeg:missions/WRoQT2NAg9l8XhMhCnnpEmt1AtxkeS9SXG6mxvEJ.jpeg', 0, '<p>ADS</p>', 'ASDAD', '00000070', '2020-02-18 21:29:34', '2020-02-18 21:44:34'),
(4, 'asdasd', 'asdsadasdasd', '<p>asdasd</p>', '2020-02-29 13:18:00', '<p>asdasda</p>', 'missions/Rd1B5QAguEzAt5DH1BKfKzn6bmVjwuR3zPUrh88y.jpeg', 0, '<p>ddasdasd</p>', 'asdasd', '00000278', '2020-02-21 00:18:45', '2020-02-21 00:18:45'),
(5, 'mission', 'sads', '<p>dssd</p>', '2020-02-12 15:12:00', '<p>zczcxc</p>', 'missions/dMWwdzM5IKJ5Ld6Rdj5OlU4QcJSopRz5WDrCAXVB.png', 0, '<p>zxzc</p>', 'zzxzx', '00000253', '2020-02-24 02:12:54', '2020-02-24 02:12:54'),
(6, 'asads', 'sadsad', '<p>sads</p>', '2020-02-20 15:14:00', '<p>asda</p>', 'missions/SzQofsPPWu6bouVotYw1pJkry0oKXDTZhOJVqZs2.png', 0, '<p>ass</p>', 'ass', '00000253', '2020-02-24 02:14:59', '2020-02-24 02:14:59'),
(7, 'Test Job Type', 'Test Job Target', '<p>asdasdasd</p>', '2020-02-29 10:40:00', '<p>dasdasdasd</p>', 'missions/bm4cpqEfKHBqQMIN5lKXEACPlB8a2b7WwI4QpzzR.png', 0, '<p>asdasdasd</p>', 'dsdf', '00000278', '2020-02-25 21:40:42', '2020-02-25 21:40:42'),
(8, 'sdazdsa', 'adadsa', '<p>dsfds</p>', '2020-02-12 10:48:00', '<p>asads</p>', 'missions/nLWSftLxQJ2CUxKuGRM2cz0bFHzWnGvqXrW65jzt.png', 0, '<p>sdffd</p>', 'sdfsdf', '00000090', '2020-02-25 21:49:07', '2020-02-25 21:49:07'),
(9, 'pp', 'oko', '<p>lokpoo</p>', '2020-02-06 11:21:00', '<p>ijmk,</p>', 'missions/X9bQZjLKrO2SxItkc5Nq9jNsO3vbyr1kP0SYhcGV.png', 1, '<p>jkl</p>', 'kl./', '00000005', '2020-02-25 22:21:22', '2020-02-26 00:50:35');

-- --------------------------------------------------------

--
-- Table structure for table `password_resets`
--

CREATE TABLE `password_resets` (
  `email` varchar(255) COLLATE utf8mb4_unicode_ci NOT NULL,
  `token` varchar(255) COLLATE utf8mb4_unicode_ci NOT NULL,
  `created_at` timestamp NULL DEFAULT NULL
) ENGINE=InnoDB DEFAULT CHARSET=utf8mb4 COLLATE=utf8mb4_unicode_ci;

-- --------------------------------------------------------

--
-- Table structure for table `projects`
--

CREATE TABLE `projects` (
  `project_id` int(10) UNSIGNED NOT NULL,
  `project_code` varchar(255) COLLATE utf8mb4_unicode_ci NOT NULL,
  `project_title` mediumtext COLLATE utf8mb4_unicode_ci NOT NULL,
  `project_description` mediumtext COLLATE utf8mb4_unicode_ci NOT NULL,
  `project_region` varchar(255) COLLATE utf8mb4_unicode_ci NOT NULL,
  `project_startDate` varchar(255) COLLATE utf8mb4_unicode_ci NOT NULL,
  `project_endDate` varchar(255) COLLATE utf8mb4_unicode_ci NOT NULL,
  `created_at` timestamp NULL DEFAULT NULL,
  `updated_at` timestamp NULL DEFAULT NULL
) ENGINE=InnoDB DEFAULT CHARSET=utf8mb4 COLLATE=utf8mb4_unicode_ci;

--
-- Dumping data for table `projects`
--

INSERT INTO `projects` (`project_id`, `project_code`, `project_title`, `project_description`, `project_region`, `project_startDate`, `project_endDate`, `created_at`, `updated_at`) VALUES
(10, '1111', 'test', '<p>asdfg</p>', 'Yangon', '02/20/2020 2:03 PM', '06/20/2020 2:03 PM', '2020-02-27 22:14:35', '2020-02-27 22:14:35'),
(11, 'PK0001', 'test23', '<p>asdfg</p>', 'Mandalay', '02/20/2020 2:03 PM', '06/20/2020 2:03 PM', '2020-02-27 22:32:59', '2020-02-27 22:32:59');

-- --------------------------------------------------------

--
-- Table structure for table `project_configs`
--

CREATE TABLE `project_configs` (
  `id` int(10) UNSIGNED NOT NULL,
  `cbp_id` int(10) UNSIGNED NOT NULL,
  `cbp_subtask` varchar(255) COLLATE utf8mb4_unicode_ci NOT NULL,
  `status` enum('Assigned','Started','In Progress','Pause','Completed') COLLATE utf8mb4_unicode_ci NOT NULL,
  `project_id` int(10) UNSIGNED NOT NULL,
  `assign_person` varchar(255) COLLATE utf8mb4_unicode_ci NOT NULL,
  `d_line` varchar(255) COLLATE utf8mb4_unicode_ci DEFAULT NULL,
  `percent` varchar(255) COLLATE utf8mb4_unicode_ci NOT NULL DEFAULT '0',
  `created_at` timestamp NULL DEFAULT NULL,
  `updated_at` timestamp NULL DEFAULT NULL
) ENGINE=InnoDB DEFAULT CHARSET=utf8mb4 COLLATE=utf8mb4_unicode_ci;

--
-- Dumping data for table `project_configs`
--

INSERT INTO `project_configs` (`id`, `cbp_id`, `cbp_subtask`, `status`, `project_id`, `assign_person`, `d_line`, `percent`, `created_at`, `updated_at`) VALUES
(54, 1, '59', 'Assigned', 10, '00000001', NULL, '0', '2020-02-27 22:14:51', '2020-02-27 22:14:51'),
(55, 2, '60', 'Assigned', 10, '00000058', '02/27/2020 11:15 AM', '0', '2020-02-27 22:15:04', '2020-02-27 22:15:04'),
(56, 3, '61', 'Assigned', 10, '00000058', '02/27/2020 11:15 AM', '0', '2020-02-27 22:15:14', '2020-02-27 22:15:14'),
(57, 4, '62', 'Assigned', 10, '00000058', '02/27/2020 11:15 AM', '0', '2020-02-27 22:15:21', '2020-02-27 22:15:21'),
(58, 5, '63', 'Assigned', 10, '00000058', '02/27/2020 11:15 AM', '0', '2020-02-27 22:15:27', '2020-02-27 22:15:27'),
(59, 6, '64', 'Assigned', 10, '00000058', '02/27/2020 11:15 AM', '0', '2020-02-27 22:15:32', '2020-02-27 22:15:32'),
(60, 7, '65', 'Assigned', 10, '00000058', '02/27/2020 11:15 AM', '0', '2020-02-27 22:15:40', '2020-02-27 22:15:40'),
(61, 8, '66', 'Assigned', 10, '00000090', '02/27/2020 11:15 AM', '0', '2020-02-27 22:15:53', '2020-02-27 22:15:53'),
(62, 9, '67', 'Assigned', 10, '00000090', '02/27/2020 11:15 AM', '0', '2020-02-27 22:16:06', '2020-02-27 22:16:06'),
(63, 10, '68', 'Assigned', 10, '00000090', '02/27/2020 11:15 AM', '0', '2020-02-27 22:16:10', '2020-02-27 22:16:10'),
(64, 11, '69', 'Assigned', 10, '00000086', '02/27/2020 11:15 AM', '0', '2020-02-27 22:16:17', '2020-02-27 22:16:17'),
(65, 12, '70', 'Assigned', 10, '00000086', '02/27/2020 11:15 AM', '0', '2020-02-27 22:16:22', '2020-02-27 22:16:22'),
(66, 13, '71', 'Assigned', 10, '00000086', '02/27/2020 11:15 AM', '0', '2020-02-27 22:16:28', '2020-02-27 22:16:28'),
(67, 14, '72', 'Assigned', 10, '00000058', '02/27/2020 11:15 AM', '0', '2020-02-27 22:16:34', '2020-02-27 22:16:34'),
(68, 15, '1,2,3,4', 'Assigned', 10, '00000090', '02/27/2020 11:15 AM', '0', '2020-02-27 22:16:40', '2020-02-27 22:16:40'),
(69, 16, '73', 'Assigned', 10, '00000090', '02/27/2020 11:15 AM', '0', '2020-02-27 22:16:46', '2020-02-27 22:16:46'),
(70, 17, '', 'Assigned', 10, '00000001', '02/27/2020 11:15 AM', '0', '2020-02-27 22:16:52', '2020-02-27 22:16:52'),
(71, 18, '', 'Assigned', 10, '00000001', '02/27/2020 11:15 AM', '0', '2020-02-27 22:16:55', '2020-02-27 22:16:55'),
(72, 19, '', 'Assigned', 10, '00000191', '02/27/2020 11:15 AM', '0', '2020-02-27 22:17:00', '2020-02-27 22:17:00'),
(73, 20, '', 'Assigned', 10, '00000191', '02/27/2020 11:15 AM', '0', '2020-02-27 22:17:04', '2020-02-27 22:17:04'),
(74, 21, '', 'Assigned', 10, '00000191', '02/27/2020 11:15 AM', '0', '2020-02-27 22:17:08', '2020-02-27 22:17:08'),
(75, 22, '74', 'Assigned', 10, '00000191', '02/27/2020 11:15 AM', '0', '2020-02-27 22:17:17', '2020-02-27 22:17:17'),
(76, 23, '75', 'Assigned', 10, '00000191', '02/27/2020 11:15 AM', '0', '2020-02-27 22:17:22', '2020-02-27 22:17:22'),
(77, 24, '76', 'Assigned', 10, '00000191', '02/27/2020 11:15 AM', '0', '2020-02-27 22:17:27', '2020-02-27 22:17:27'),
(78, 25, '77', 'Assigned', 10, '00000191', '02/27/2020 11:15 AM', '0', '2020-02-27 22:17:34', '2020-02-27 22:17:34'),
(79, 1, '59', 'Assigned', 11, '00000058', '02/27/2020 11:33 AM', '0', '2020-02-27 22:34:00', '2020-02-27 22:34:00');

-- --------------------------------------------------------

--
-- Table structure for table `remarks`
--

CREATE TABLE `remarks` (
  `remark_id` int(10) UNSIGNED NOT NULL,
  `remark_description` longtext COLLATE utf8mb4_unicode_ci NOT NULL,
  `task_id` int(10) UNSIGNED DEFAULT NULL,
  `created_at` timestamp NULL DEFAULT NULL,
  `updated_at` timestamp NULL DEFAULT NULL
) ENGINE=InnoDB DEFAULT CHARSET=utf8mb4 COLLATE=utf8mb4_unicode_ci;

--
-- Dumping data for table `remarks`
--

INSERT INTO `remarks` (`remark_id`, `remark_description`, `task_id`, `created_at`, `updated_at`) VALUES
(1, 'Quo ipsa iure est. Dignissimos quis est et omnis earum optio dolor. Et adipisci quia pariatur sit.', 9, '2020-02-17 20:52:21', '2020-02-17 20:52:21'),
(2, 'Repellendus quo officia non repellat impedit. Est molestiae asperiores qui est architecto distinctio blanditiis. Repellat impedit sequi nostrum velit aspernatur vel.', 1, '2020-02-17 20:52:21', '2020-02-17 20:52:21'),
(3, 'Dolorem quaerat laborum fugiat aut porro. Molestiae neque labore facere ut dolorem. Consectetur architecto aut autem id asperiores explicabo. Non ut deleniti tempora illo laboriosam voluptatem distinctio.', 8, '2020-02-17 20:52:21', '2020-02-17 20:52:21'),
(4, 'Ratione labore ut rerum dolor eum. Voluptates neque vel pariatur sit voluptatem debitis. Et sit possimus natus vitae. Delectus aliquid sit facilis velit quos est.', 6, '2020-02-17 20:52:22', '2020-02-17 20:52:22'),
(5, 'Iusto rerum quidem voluptatem fugiat enim qui aliquid. Architecto fugiat soluta numquam nisi perspiciatis. Eveniet ut similique dicta nam aut aut quia. Id provident enim quia pariatur. Vel consequatur quod voluptatum optio id dolor esse voluptatem.', 10, '2020-02-17 20:52:22', '2020-02-17 20:52:22'),
(6, 'Voluptas voluptatem nemo dignissimos ullam et qui. Assumenda id quasi temporibus labore velit repellendus repellat. Consectetur ullam quia perspiciatis similique. Expedita ratione reiciendis repudiandae magnam ea.', 3, '2020-02-17 20:52:22', '2020-02-17 20:52:22'),
(7, 'Quasi molestias corporis eos quia voluptatem ut hic. Voluptas soluta cumque qui exercitationem quia quam temporibus laboriosam. Ut molestias eius sint. Expedita et molestias suscipit aut odit consequatur.', 3, '2020-02-17 20:52:22', '2020-02-17 20:52:22'),
(8, 'Quisquam et quisquam totam error sit similique. Eaque maiores eveniet ratione reprehenderit dolor rerum dolores. Cumque suscipit molestias sunt quo qui quia.', 3, '2020-02-17 20:52:22', '2020-02-17 20:52:22'),
(9, 'Est omnis accusantium non non qui tempore et. Qui est aut quia qui voluptatem consequatur dolores. Ducimus maiores atque ipsa iure fugit. Cupiditate dolores vitae ratione quasi alias nemo dolores alias.', 5, '2020-02-17 20:52:22', '2020-02-17 20:52:22'),
(10, 'Molestias temporibus eius eius modi porro maxime ullam. Soluta exercitationem qui quidem sed. Quibusdam harum incidunt totam dolor possimus explicabo quibusdam quisquam. Est ipsa architecto sit laudantium ea. Nisi neque eos et et sunt.', 7, '2020-02-17 20:52:22', '2020-02-17 20:52:22'),
(11, '<p>reject</p>', 16, '2020-02-18 20:40:26', '2020-02-18 20:40:26'),
(12, '<p>asdad</p>', 16, '2020-02-18 21:08:41', '2020-02-18 21:08:41'),
(13, '<p>sdsdd</p>', 16, '2020-02-18 21:11:28', '2020-02-18 21:11:28'),
(14, '<p>asads</p>', 17, '2020-02-18 22:00:35', '2020-02-18 22:00:35'),
(15, '<p>sadsad</p>', 17, '2020-02-18 22:02:24', '2020-02-18 22:02:24'),
(16, '<p>sasdad</p>', 17, '2020-02-18 22:03:20', '2020-02-18 22:03:20'),
(17, '<p>asdad</p>', 17, '2020-02-18 22:05:33', '2020-02-18 22:05:33'),
(18, '<p>asad</p>', 17, '2020-02-18 22:13:10', '2020-02-18 22:13:10'),
(19, '<p>sfsfd</p>', 17, '2020-02-18 22:13:57', '2020-02-18 22:13:57'),
(20, '<p>ok</p>', 21, '2020-02-20 01:23:31', '2020-02-20 01:23:31'),
(21, '<p>Redo</p>', 23, '2020-02-20 03:36:13', '2020-02-20 03:36:13'),
(22, '<p>Please Do It Again</p>', 25, '2020-02-20 20:59:04', '2020-02-20 20:59:04'),
(23, '<p>Reject</p>', 26, '2020-02-20 21:03:03', '2020-02-20 21:03:03'),
(24, '<p>dasdasd</p>', 28, '2020-02-20 21:38:14', '2020-02-20 21:38:14'),
(25, '<p>redo agagin</p>', 29, '2020-02-21 01:46:36', '2020-02-21 01:46:36');

-- --------------------------------------------------------

--
-- Table structure for table `roles`
--

CREATE TABLE `roles` (
  `id` int(10) UNSIGNED NOT NULL,
  `role` varchar(255) COLLATE utf8mb4_unicode_ci NOT NULL
) ENGINE=InnoDB DEFAULT CHARSET=utf8mb4 COLLATE=utf8mb4_unicode_ci;

--
-- Dumping data for table `roles`
--

INSERT INTO `roles` (`id`, `role`) VALUES
(1, 'Chairman'),
(2, 'MD'),
(3, 'ED'),
(4, 'D'),
(5, 'HOD'),
(6, 'Stuff'),
(7, 'HOT');

-- --------------------------------------------------------

--
-- Table structure for table `share_information`
--

CREATE TABLE `share_information` (
  `share_id` int(10) UNSIGNED NOT NULL,
  `share_description` varchar(255) COLLATE utf8mb4_unicode_ci NOT NULL,
  `share_to` varchar(255) COLLATE utf8mb4_unicode_ci NOT NULL,
  `share_by` varchar(255) COLLATE utf8mb4_unicode_ci NOT NULL,
  `mission_id` int(10) UNSIGNED DEFAULT NULL,
  `task_id` int(10) UNSIGNED DEFAULT NULL,
  `created_at` timestamp NULL DEFAULT NULL,
  `updated_at` timestamp NULL DEFAULT NULL
) ENGINE=InnoDB DEFAULT CHARSET=utf8mb4 COLLATE=utf8mb4_unicode_ci;

--
-- Dumping data for table `share_information`
--

INSERT INTO `share_information` (`share_id`, `share_description`, `share_to`, `share_by`, `mission_id`, `task_id`, `created_at`, `updated_at`) VALUES
(1, 'Sequi est eum et. Maiores ex quasi vero necessitatibus.', '00000069', '00000420', NULL, 6, '2020-02-17 20:50:56', '2020-02-17 20:50:56'),
(2, 'Et qui dolor consequatur et nulla occaecati consequatur. Ut iusto temporibus pariatur et et perferendis qui voluptatibus. Et quia et est sint impedit.', '00000675', '00000506', NULL, 3, '2020-02-17 20:50:56', '2020-02-17 20:50:56'),
(3, 'Consequatur enim similique eveniet quia. Dolore qui explicabo reiciendis dolore velit quidem.', '00000418', '00000233', NULL, 9, '2020-02-17 20:50:56', '2020-02-17 20:50:56'),
(4, 'Sint quia nihil eligendi quia optio voluptatem consequatur. Sed veniam perspiciatis laboriosam iure.', '00000076', '00000168', NULL, 10, '2020-02-17 20:50:56', '2020-02-17 20:50:56'),
(5, 'Consequatur quidem magni ipsa ad quia voluptatem quia. Ea vero adipisci optio quibusdam asperiores. Magnam cupiditate dolorem unde dolorem labore.', '00001011', '00000082', NULL, 9, '2020-02-17 20:50:56', '2020-02-17 20:50:56'),
(6, 'Rerum id vitae earum eum perspiciatis vitae perspiciatis. Praesentium non eaque accusantium debitis id modi sit.', '00000418', '00000058', NULL, 9, '2020-02-17 20:50:57', '2020-02-17 20:50:57'),
(7, 'Accusantium illo nemo et sed est facilis est. Eligendi culpa non consequatur sit reprehenderit ratione quaerat totam. Provident alias non dolor omnis consequatur esse odio.', '00000278', '00000069', NULL, 7, '2020-02-17 20:50:57', '2020-02-17 20:50:57'),
(8, 'Nostrum ipsum omnis nihil nesciunt dolor numquam vitae. Sunt quia sit molestias ipsum quis. Deserunt quasi in dolorem accusantium voluptas expedita.', '00001014', '00000001', NULL, 8, '2020-02-17 20:50:57', '2020-02-17 20:50:57'),
(9, 'Quis rerum necessitatibus consequuntur eaque sed voluptates. Rerum facere veritatis ab.', '00000652', '00000415', NULL, 3, '2020-02-17 20:50:57', '2020-02-17 20:50:57'),
(10, 'Veritatis consequatur adipisci praesentium hic quibusdam. Dicta voluptatem ipsam qui quia iure veritatis.', '00000058', '00001008', NULL, 10, '2020-02-17 20:50:57', '2020-02-17 20:50:57');

-- --------------------------------------------------------

--
-- Table structure for table `sub_departments`
--

CREATE TABLE `sub_departments` (
  `subdept_id` int(10) UNSIGNED NOT NULL,
  `subdept_name` varchar(60) COLLATE utf8mb4_unicode_ci NOT NULL,
  `dept_id` int(10) UNSIGNED NOT NULL,
  `created_at` timestamp NULL DEFAULT NULL,
  `updated_at` timestamp NULL DEFAULT NULL
) ENGINE=InnoDB DEFAULT CHARSET=utf8mb4 COLLATE=utf8mb4_unicode_ci;

--
-- Dumping data for table `sub_departments`
--

INSERT INTO `sub_departments` (`subdept_id`, `subdept_name`, `dept_id`, `created_at`, `updated_at`) VALUES
(1, 'Admin Office', 12, '2020-02-17 20:50:45', '2020-02-17 20:50:45'),
(2, 'Reception', 12, '2020-02-17 20:50:45', '2020-02-17 20:50:45'),
(3, 'Kitchen', 12, '2020-02-17 20:50:45', '2020-02-17 20:50:45'),
(4, 'Clean', 12, '2020-02-17 20:50:45', '2020-02-17 20:50:45'),
(5, 'Vehicle', 12, '2020-02-17 20:50:45', '2020-02-17 20:50:45'),
(6, 'Security', 12, '2020-02-17 20:50:45', '2020-02-17 20:50:45'),
(7, 'Meik', 12, '2020-02-17 20:50:45', '2020-02-17 20:50:45'),
(8, 'Kauk Myat', 12, '2020-02-17 20:50:45', '2020-02-17 20:50:45'),
(9, 'Naypyitaw', 12, '2020-02-17 20:50:45', '2020-02-17 20:50:45');

-- --------------------------------------------------------

--
-- Table structure for table `tasks`
--

CREATE TABLE `tasks` (
  `task_id` int(10) UNSIGNED NOT NULL,
  `task_unique_id` varchar(255) COLLATE utf8mb4_unicode_ci DEFAULT NULL,
  `project_code` varchar(255) COLLATE utf8mb4_unicode_ci DEFAULT NULL,
  `task_title` varchar(255) COLLATE utf8mb4_unicode_ci NOT NULL,
  `description` mediumtext COLLATE utf8mb4_unicode_ci NOT NULL,
  `assignee_person` varchar(255) COLLATE utf8mb4_unicode_ci NOT NULL,
  `assignor_person` varchar(255) COLLATE utf8mb4_unicode_ci NOT NULL,
  `assignee_attach_file` varchar(255) COLLATE utf8mb4_unicode_ci DEFAULT NULL,
  `assignor_attach_file` varchar(255) COLLATE utf8mb4_unicode_ci DEFAULT NULL,
  `status` int(11) NOT NULL DEFAULT 0,
  `start_time` datetime NOT NULL,
  `end_time` datetime NOT NULL,
  `feedback` text COLLATE utf8mb4_unicode_ci DEFAULT NULL,
  `dept_id` int(10) UNSIGNED NOT NULL,
  `subdept_id` int(10) UNSIGNED DEFAULT NULL,
  `team_id` int(10) UNSIGNED DEFAULT NULL,
  `created_at` timestamp NULL DEFAULT NULL,
  `updated_at` timestamp NULL DEFAULT NULL
) ENGINE=InnoDB DEFAULT CHARSET=utf8mb4 COLLATE=utf8mb4_unicode_ci;

--
-- Dumping data for table `tasks`
--

INSERT INTO `tasks` (`task_id`, `task_unique_id`, `project_code`, `task_title`, `description`, `assignee_person`, `assignor_person`, `assignee_attach_file`, `assignor_attach_file`, `status`, `start_time`, `end_time`, `feedback`, `dept_id`, `subdept_id`, `team_id`, `created_at`, `updated_at`) VALUES
(1, NULL, '09', 'Vero cum at mollitia et consectetur', 'Maxime excepturi unde voluptas qui. Sunt molestiae dolorem libero et autem veniam sint. Et odit voluptatibus omnis sed assumenda voluptas. Dignissimos adipisci blanditiis eaque quasi dicta. Ex eius est sint quo.', '00000500', '00000064', NULL, NULL, 2, '2019-09-04 11:44:05', '2020-01-10 11:43:12', NULL, 6, NULL, NULL, '2020-02-17 20:50:54', '2020-02-17 20:50:54'),
(2, NULL, NULL, 'Qui eaque aliquid deserunt eos omnis velit quam non', 'Nemo excepturi et sit repudiandae aut ut. Soluta voluptatum quo optio temporibus quos. Vel eum officiis ipsam voluptatem. Neque fugiat ratione sunt consequuntur aliquam repudiandae. Non officia voluptatum ratione qui maiores provident. Odit nam commodi rem minima perspiciatis consectetur.', '00000273', '00000086', NULL, NULL, 2, '2019-09-04 11:44:05', '2020-01-10 11:43:12', NULL, 11, NULL, NULL, '2020-02-17 20:50:55', '2020-02-17 20:50:55'),
(3, NULL, NULL, 'Omnis ipsa fugit qui vel autem necessitatibus non minima repudiandae', 'Nobis quas sit labore. Veritatis nihil quo asperiores voluptas. Eum et distinctio quis quae laborum aut accusamus voluptatem. Saepe deserunt officiis voluptatum soluta id illo. Consectetur qui nihil aut voluptatum. Ratione dolorem optio laudantium corporis alias culpa ea. Molestiae eveniet vitae expedita. Aperiam dignissimos eaque natus et corrupti beatae in.', '00000051', '00000147', NULL, NULL, 1, '2019-09-04 11:44:05', '2020-01-10 11:43:12', NULL, 9, NULL, NULL, '2020-02-17 20:50:55', '2020-02-17 20:50:55'),
(4, NULL, NULL, 'Porro esse aut et quae rem', 'Sit ea quas dolores laboriosam nam et aut ducimus. Animi assumenda ut in mollitia et qui. Sunt nulla quo quia velit eos dolor non. Harum ab et in temporibus id eos ut. Enim nam ullam voluptas exercitationem a provident. Ad repudiandae qui id amet accusamus enim.', '00000167', '00000415', NULL, NULL, 0, '2019-09-04 11:44:05', '2020-01-10 11:43:12', NULL, 10, NULL, NULL, '2020-02-17 20:50:55', '2020-02-17 20:50:55'),
(5, NULL, NULL, 'Qui maxime aut rerum rerum blanditiis magnam', 'Repellat impedit laboriosam nihil odit tempore velit. Est autem est aliquam et numquam quis. Ea at qui atque laborum doloribus libero commodi. Quia eum laboriosam consectetur harum quisquam.', '00000233', '00001014', NULL, NULL, 2, '2019-09-04 11:44:05', '2020-01-10 11:43:12', NULL, 10, NULL, NULL, '2020-02-17 20:50:55', '2020-02-17 20:50:55'),
(6, NULL, NULL, 'Voluptatem beatae asperiores laborum nobis soluta quaerat', 'Quasi dolorem ipsa qui ducimus. In alias ipsa et fugit occaecati sequi eveniet. Voluptas eos eaque veniam modi. Doloremque blanditiis nemo aspernatur suscipit et at. Aut pariatur dolorem autem repellat deserunt quam.', '00000082', '00000094', NULL, NULL, 2, '2019-09-04 11:44:05', '2020-01-10 11:43:12', NULL, 13, 1, 1, '2020-02-17 20:50:55', '2020-02-17 20:50:55'),
(7, NULL, NULL, 'Unde id odit aut veniam neque in qui fuga ducimus praesentium accusamus alias', 'Illum et aliquam a excepturi enim iure. Id sit est facilis molestiae. Sunt quia a dolor aut. Asperiores id voluptatum sapiente ipsam. Qui cupiditate vel et voluptatem dicta.', '00000011', '00000611', NULL, NULL, 0, '2019-09-04 11:44:05', '2020-01-10 11:43:12', NULL, 13, 4, 4, '2020-02-17 20:50:55', '2020-02-17 20:50:55'),
(8, NULL, NULL, 'Laboriosam repudiandae et sed quia sequi voluptas sunt sed pariatur consequatur', 'Optio odit corporis enim consequatur. Sunt nobis neque omnis ipsum aut ea. Nihil aut accusantium nostrum voluptates explicabo perspiciatis voluptatem. Vitae iste debitis maiores vel rerum. Non qui omnis fugiat dolor. Autem amet quaerat eius ad culpa. Provident qui quae eum repudiandae repellendus et. Ut est qui voluptas et et nostrum laudantium. Dolores voluptatibus recusandae fugiat delectus quae placeat. Enim ipsam cumque odio at sed.', '00000064', '00000884', NULL, NULL, 2, '2019-09-04 11:44:05', '2020-01-10 11:43:12', NULL, 15, NULL, NULL, '2020-02-17 20:50:55', '2020-02-17 20:50:55'),
(9, NULL, NULL, 'Eligendi blanditiis esse minima quis fugit ut dolores qui aut', 'Eius iste laboriosam pariatur dicta iste consequatur. Et dolore ut esse est qui. Aspernatur enim id quis soluta ullam ea. Temporibus nobis eum dolore. Amet voluptatem a quo modi hic et. Quam dolore ut cumque excepturi non neque quisquam. Dolore est sed ut architecto reiciendis temporibus.', '00000506', '00000415', NULL, NULL, 2, '2019-09-04 11:44:05', '2020-01-10 11:43:12', NULL, 10, NULL, NULL, '2020-02-17 20:50:55', '2020-02-17 20:50:55'),
(10, NULL, NULL, 'Labore autem perferendis rem suscipit quia ratione commodi quod eaque at', 'Voluptatem blanditiis fugit a perferendis. Voluptate non odio debitis officia a nostrum dolores. In nam non dicta vitae non. Sint maiores consequatur sit accusantium dolor. Sit accusamus beatae eius ad a vel.', '00000321', '00000047', NULL, NULL, 0, '2019-09-04 11:44:05', '2020-01-10 11:43:12', NULL, 13, 5, 5, '2020-02-17 20:50:55', '2020-02-17 20:50:55'),
(11, 't-11', NULL, 'hh', '<p>sads</p>', '00000629', '00000001', 'tasks/report/MqFCyw5dsn749YDvkoKrVnvvQAF97tP8nkbipU95.jpeg', 'tasks/0CjGMAZ5ey5KBjJqF9GPyXGnOFmrV0ggqVxE0JHh.jpeg', 3, '2020-02-24 17:14:00', '2020-02-19 17:14:00', '<p>dsd</p>', 15, NULL, NULL, '2020-02-18 04:14:24', '2020-02-19 04:39:12'),
(12, 't-12', NULL, 'chal', '<p>sad</p>', '00000629', '00000001', 'tasks/report/LKO2uis8iAmTGHJ03nc3RXarOat27vntpdg2oqbl.jpeg', 'tasks/IkE65MbPmY52LmCKxduY3UIfBMza0yBtGWhTqrl7.jpeg', 3, '2020-02-03 17:17:00', '2020-02-06 17:17:00', '<p>asdasd</p>', 15, NULL, NULL, '2020-02-18 04:17:08', '2020-02-19 04:42:33'),
(13, 't-13', '09', 'dsad', '<p>dsdads</p>', '00000629', '00000001', 'tasks/report/JOnJHg77UAkp087FdFutfadxDCUUMl8NZEks5LGt.jpeg', 'tasks/YVa8KYn9cIx1uO2zecWNhpM7jLHkwxIPOMnagzDr.jpeg:tasks/TTcc55KFjNVzg4O0oom4KstzwVg8oejmBVNBkjrg.jpeg', 3, '2020-02-12 09:30:00', '2020-02-27 09:30:00', '<p>asdad</p>', 15, NULL, NULL, '2020-02-18 20:30:42', '2020-02-19 04:47:01'),
(14, 't-13', '09', 'dsad', '<p>dsdads</p>', '00000939', '00000001', NULL, 'tasks/YVa8KYn9cIx1uO2zecWNhpM7jLHkwxIPOMnagzDr.jpeg:tasks/TTcc55KFjNVzg4O0oom4KstzwVg8oejmBVNBkjrg.jpeg', 0, '2020-02-12 09:30:00', '2020-02-27 09:30:00', NULL, 15, NULL, NULL, '2020-02-18 20:30:42', '2020-02-18 20:30:42'),
(15, 't-15', '09', 'guu', '<p>sddsf</p>', '00000077', '00000001', NULL, 'tasks/kaDkOqauDYPj39u2VMLOCYEvxVIma7BXiFfhaVnm.jpeg:tasks/PSXvivrMClFYyejTniW08A6EPNveP1ximIrMEv6d.jpeg', 0, '2020-02-25 09:35:00', '2020-02-25 09:35:00', NULL, 15, NULL, NULL, '2020-02-18 20:36:01', '2020-02-18 20:36:01'),
(16, 't-15', '09', 'guu', '<p>sddsf</p>', '00000629', '00000001', 'tasks/report/1e0XwKukBUZvzzzr3bIo9OKNWBD2BW3g3cz9IGMo.jpeg', 'tasks/kaDkOqauDYPj39u2VMLOCYEvxVIma7BXiFfhaVnm.jpeg:tasks/PSXvivrMClFYyejTniW08A6EPNveP1ximIrMEv6d.jpeg', 3, '2020-02-25 09:35:00', '2020-02-25 09:35:00', '<p>dsds</p>', 15, NULL, NULL, '2020-02-18 20:36:01', '2020-02-19 04:45:43'),
(17, 't-17', '09', 'dasadSA', '<p>sasad</p>', '00000629', '00000001', 'tasks/report/wzPOB5I4J3POa8TnWL3aALgYcPjkxKUdQt2xfeY0.jpeg', 'tasks/CR0wqwoMFfecd7zqwd8AoMmowL8dK50n5mzDudd4.jpeg::::::::::::::::::::', 3, '2020-02-12 10:46:00', '2020-02-11 10:46:00', '<p>sdasd</p>', 15, NULL, NULL, '2020-02-18 21:46:47', '2020-02-18 23:02:23'),
(18, 't-18', 'wqew', 'dsad', '<p>sd</p>', '00000077', '00000001', NULL, 'tasks/RDyhKmVylOQfykPaL9OakJ1nJEiFSCzRTTrISRsB.jpeg', 0, '2020-03-04 11:59:00', '2020-02-28 11:59:00', NULL, 15, NULL, NULL, '2020-02-18 22:59:36', '2020-02-18 22:59:37'),
(19, 't-19', '09', 'fvn', '<p>sdsd</p>', '00000629', '00000001', 'tasks/report/Li1cR7ft2lTpAMWbSQXXZ2uuNEBhmkJl6S4roSKI.jpeg', 'tasks/k9xetVsXWUzXcMfRJCvCJWFjmTwbE479nSiAFpSO.jpeg', 3, '2020-02-12 12:28:00', '2020-02-11 12:28:00', '<p>sdfsaf</p>', 15, NULL, NULL, '2020-02-18 23:28:19', '2020-02-20 04:09:32'),
(20, 't-20', '09', 'perth', '<p>dfdsf</p>', '00000884', '00000001', NULL, 'tasks/cqUqX2BMbRqQ1ZzyXBAnMb09D34iBXuhOXpJwU48.jpeg', 0, '2020-02-15 14:21:00', '2020-02-15 14:21:00', NULL, 15, NULL, NULL, '2020-02-20 01:21:22', '2020-02-20 01:21:22'),
(21, 't-21', 'wqew', 'khine ye xaw', '<p>dsdf</p>', '00000629', '00000001', 'tasks/report/03t3fL8FZoFTVcujaAgDGvmsOn68xC0FUpWcbxNE.jpeg', 'tasks/OKbpZQESKhsKoMA7NIqXtaDXEWupJ1hnLxgRQ8Y7.jpeg:tasks/UnDeKyTHKLOkWb54JwTxAbP7cshArHJYyLESDG7X.jpeg', 2, '2020-02-06 14:21:00', '2020-02-11 14:21:00', '<p>check</p>', 15, NULL, NULL, '2020-02-20 01:22:00', '2020-02-20 02:56:14'),
(22, 't-22', 'UAT 0001', 'UAT WSK', '<p>Testing</p>', '00000629', '00000001', NULL, 'tasks/vojX2WX5JrLNQfX24wzEeBkJCA8ourakHQghuSRK.jpeg:tasks/OJzrr5J4BPv5c9S34aAC5fsb2iISXaFPay2qTssM.jpeg', 3, '2020-02-20 16:21:00', '2020-02-21 16:21:00', NULL, 15, NULL, NULL, '2020-02-20 03:21:28', '2020-02-20 03:21:28'),
(23, 't-23', 'UAT 0001', 'UAT Testing WSK', '<p>Testing &nbsp;</p>', '00000629', '00000001', 'tasks/report/VSisXmR8ceiLZ49tuzkDdWFrdnbBYIbl11be1llz.jpeg', 'tasks/42kmTcJSDlp9Zzp68awvNlLr84Nf4pI0kGxTV4i3.jpeg:tasks/tHTYJVKYGQ8Ip48HJx7iUEPPPAGJgC6KrLDLhJc0.jpeg', 1, '2020-02-20 16:24:00', '2020-02-21 16:24:00', '<p>Done&nbsp;</p>', 15, NULL, NULL, '2020-02-20 03:24:59', '2020-02-20 04:44:52'),
(24, 't-24', '0999', 'tt', '<p>sada</p>', '00000629', '00000001', NULL, 'tasks/O3XfCXUDXI9JrweakB88U6UBxhcLB5atSUFwb2TU.jpeg', 0, '2020-02-12 17:58:00', '2020-02-11 17:58:00', NULL, 15, NULL, NULL, '2020-02-20 04:58:11', '2020-02-20 04:58:11'),
(25, 't-25', '09', 'Test Test', '<p>Test Desp</p>', '00000629', '00000001', 'tasks/report/MSSyvMq4NbfAUqmy3ZWzGAQOGpxCe1N0gvQYTiMH.jpeg', 'tasks/kSUIf2ov0KTX5aumHh5p6j4veQTg0CGiQY2iZpMP.jpeg', 4, '2020-02-22 09:36:00', '2020-02-29 09:36:00', '<p>Done Today 10:00AM</p>', 15, NULL, NULL, '2020-02-20 20:36:34', '2020-02-20 20:59:04'),
(26, 't-26', '09', 'ASDASD', '<p>ASD</p>', '00000629', '00000001', 'tasks/report/Wdf58O7eEh0hL4lQCRwe6lPNeOAsIYGAAZGaOX2J.jpeg:tasks/report/FGlyCDIEMKe0qayg7k4XbN4oFhTE2uByM08HDVNc.jpeg', 'tasks/bKAnXwrFhDCJmUyzDq4uyir5XLfWVxaNHNYY2Jmf.jpeg', 2, '2020-02-19 10:01:00', '2020-02-22 10:01:00', '<p>Done Again</p>', 15, NULL, NULL, '2020-02-20 21:01:11', '2020-02-20 21:09:00'),
(27, 't-27', '09', 'asdasd', '<p>asdasd</p>', '00000629', '00000001', NULL, 'tasks/QfiJLzOJB23pSt7aZYDNyRTlCbwi54gHFED1uile.jpeg', 0, '2020-02-15 10:26:00', '2020-02-29 10:27:00', NULL, 15, NULL, NULL, '2020-02-20 21:27:02', '2020-02-20 21:27:02'),
(28, 't-28', 'saad', 'asdasdasdasdasd', '<p>asdasdasd</p>', '00000629', '00000001', 'tasks/report/qwL8e4UsMemq8BS5BHcuL7cM0akSLVzZgZRhhpGP.jpeg', 'tasks/pW07q2poyeqEBuSXMWlehx1Q4vsfb1zWskPSL0Iv.jpeg', 4, '2020-02-22 10:35:00', '2020-03-07 10:35:00', '<p>done</p>', 15, NULL, NULL, '2020-02-20 21:36:23', '2020-02-20 21:38:14'),
(29, 't-29', '09', 'asdasdasdasd', '<p>asdasdasd</p>', '00000629', '00000001', 'tasks/report/rTRZABIRIxQbpoqgI3OQuT8vOybWAif1KZBSaQcY.jpeg', 'tasks/jwgiozACDDwySrbAUj6CwgPYfBxcTjZLQWMF4pln.jpeg:tasks/iRoaOeJfi3qH5UmgkA5iG5nBRq96BgUE7yGG5X0a.jpeg', 3, '2020-02-22 14:32:00', '2020-02-29 14:32:00', '<p>FFFFFFF</p>', 15, NULL, NULL, '2020-02-21 01:32:49', '2020-02-21 01:56:28'),
(30, 't-30', '09', 'dsfs', '<p>dsfdsf</p>', '00000939', '00000001', NULL, 'tasks/6cWBihBHne3ku0HeppFN7ZjJjcX9harIQLUplPyG.jpeg', 0, '2020-02-21 15:36:00', '2020-02-21 15:36:00', NULL, 15, NULL, NULL, '2020-02-21 02:36:50', '2020-02-21 02:36:50'),
(31, 't-31', '09', 'dfgfd', '<p>dfgd</p>', '00000629', '00000001', NULL, 'tasks/g3ghYlvBkndYWAwFh230iAnC3JQQqBJW4Vl3Jtqg.jpeg', 0, '2020-02-21 15:38:00', '2020-02-21 15:38:00', NULL, 15, NULL, NULL, '2020-02-21 02:38:14', '2020-02-21 02:38:14'),
(32, 't-32', '09', 'fdgd', '<p>dfgdfg</p>', '00000629', '00000001', NULL, 'tasks/Bcr4wRW7mBKxAwje3pjEcnOACFITzq1o9xXZ2bGl.jpeg', 0, '2020-02-26 15:38:00', '2020-02-29 15:38:00', NULL, 15, NULL, NULL, '2020-02-21 02:38:55', '2020-02-21 02:38:55'),
(33, 't-33', '09', 'BBBBB', '<p>BBBBB</p>', '00000629', '00000001', NULL, 'tasks/FVRKSIgkTwdAEPWcmwNs4XozIwOaf1lKUUcQpfAS.jpeg:tasks/sCrijD6jefWwyTeILRAhhr5RaiXc1f9AEIT7hp5n.jpeg', 0, '2020-02-22 15:41:00', '2020-02-29 15:41:00', NULL, 15, NULL, NULL, '2020-02-21 02:41:23', '2020-02-21 02:41:23'),
(34, 't-34', '09', 'asdasdad', '<p>asdasd</p>', '00000629', '00000001', NULL, 'tasks/Yd6rmouN1pkL45z7RrC0blhuQan44Xw10jTYU5RL.jpeg:tasks/yFMBj6EWM0lryLQBpa5FmVhoGDHYpjbgg05Y0NuO.jpeg', 0, '2020-02-21 15:54:00', '2020-02-29 15:54:00', NULL, 15, NULL, NULL, '2020-02-21 02:54:17', '2020-02-21 02:54:17'),
(35, 't-35', '09', 'sdf', '<p>szdad</p>', '00000939', '00000001', NULL, 'tasks/yLsuE82iwrHACa92TE0KV05502cUmjgL7zBbL02P.jpeg', 0, '2020-02-26 09:44:00', '2020-02-18 09:44:00', NULL, 15, NULL, NULL, '2020-02-23 20:45:02', '2020-02-23 20:45:02'),
(36, 't-36', '0999', 'swads', '<p>sads</p>', '00000884', '00000001', NULL, '', 0, '2020-02-19 10:00:00', '2020-02-04 10:00:00', NULL, 15, NULL, NULL, '2020-02-23 21:00:27', '2020-02-23 21:00:27'),
(37, 't-37', '866453', 'dr', '<p>sadad</p>', '00000629', '00000001', NULL, 'tasks/r3nhP7ZMyIUUK5uknmh9L290oe1wXlbDY1aMfcRo.jpeg', 0, '2020-02-06 10:01:00', '2020-02-20 10:01:00', NULL, 15, NULL, NULL, '2020-02-23 21:01:58', '2020-02-23 21:01:58'),
(38, 't-38', '09', 'sasdADSd', '<p>dsdads</p>', '00000884', '00000001', NULL, 'tasks/MhbgmRzLvu0kP7XborGZSeT5WuaN8AzOA1YbHbf4.png', 0, '2020-02-19 10:41:00', '2020-02-19 10:41:00', NULL, 15, NULL, NULL, '2020-02-23 21:41:11', '2020-02-23 21:41:11'),
(39, 't-39', '09', 'fddxf', '<p>MZXJC</p>', '00000629', '00000001', NULL, 'tasks/TuxM5BDKSpyv1fPdgUiBCckvc1LT3degyap0LySW.png', 0, '2020-02-14 15:25:00', '2020-02-18 15:25:00', NULL, 15, NULL, NULL, '2020-02-25 02:25:31', '2020-02-25 02:25:32'),
(40, 't-40', 'UAT 0001', 'UAT', '<p>Test</p>', '00000629', '00000001', NULL, 'tasks/LrLPckJLHoTzMtF2uOlV6IfXmQSnStDFXptnioNs.png', 0, '2020-02-24 15:43:00', '2020-02-25 15:43:00', NULL, 15, NULL, NULL, '2020-02-25 02:43:45', '2020-02-25 02:49:59'),
(41, 't-41', '09', 'sdsfd', '<p>fdfdf</p>', '00000884', '00000001', NULL, 'tasks/veXMJ9ZkwgHKqNxegi7UocFPgUo8Yd7mhiDPPLjM.png', 0, '2020-02-10 16:11:00', '2020-01-01 00:00:00', NULL, 15, NULL, NULL, '2020-02-25 03:11:22', '2020-02-25 03:11:22'),
(42, 't-42', 'wqew', 'dsfsf', '<p>ddfsf</p>', '00000629', '00000001', NULL, 'tasks/YIUBxwbmekBlEtpYYbDNPI9h3Dgzfq3WAMvdBaAs.png', 0, '2020-02-20 16:14:00', '2020-02-13 16:14:00', NULL, 15, NULL, NULL, '2020-02-25 03:14:42', '2020-02-25 03:14:42'),
(43, 't-43', 'UAT 0001', 'UAT 2', '<p>test</p>', '00000629', '00000001', NULL, 'tasks/Ot2FwiDWKw9H6Iw0WnaV1IlnXfEPMzs6biOaGZh0.png:tasks/eaEdYo8Z3mvEkCHIrroHDQVXkuvT7omFqMSuNVMT.png', 1, '2020-02-25 16:16:00', '2020-02-26 16:17:00', NULL, 15, NULL, NULL, '2020-02-25 03:17:20', '2020-02-25 03:25:41'),
(44, 't-44', 'UAT 0001', 'UAT 0003', '<p>TEST</p>', '00000629', '00000001', NULL, 'tasks/UgsIpnoxjtjLhsH2irKFgoca287CE5mMjuoGOuSI.png', 1, '2020-02-24 16:52:00', '2020-02-25 16:52:00', NULL, 15, NULL, NULL, '2020-02-25 03:52:23', '2020-02-25 03:52:48');

-- --------------------------------------------------------

--
-- Table structure for table `teams`
--

CREATE TABLE `teams` (
  `team_id` int(10) UNSIGNED NOT NULL,
  `team_name` varchar(60) COLLATE utf8mb4_unicode_ci NOT NULL,
  `subdept_id` int(10) UNSIGNED DEFAULT NULL,
  `dept_id` int(10) UNSIGNED DEFAULT NULL,
  `group_id` int(10) UNSIGNED DEFAULT NULL,
  `created_at` timestamp NULL DEFAULT NULL,
  `updated_at` timestamp NULL DEFAULT NULL
) ENGINE=InnoDB DEFAULT CHARSET=utf8mb4 COLLATE=utf8mb4_unicode_ci;

--
-- Dumping data for table `teams`
--

INSERT INTO `teams` (`team_id`, `team_name`, `subdept_id`, `dept_id`, `group_id`, `created_at`, `updated_at`) VALUES
(1, 'Admin Office', 1, 12, 5, '2020-02-17 20:50:46', '2020-02-17 20:50:46'),
(2, ' Reception', 2, 12, 5, '2020-02-17 20:50:46', '2020-02-17 20:50:46'),
(3, 'Kitchen', 3, 12, 5, '2020-02-17 20:50:46', '2020-02-17 20:50:46'),
(4, 'Clean', 4, 12, 5, '2020-02-17 20:50:46', '2020-02-17 20:50:46'),
(5, 'Vehicle', 5, 12, 5, '2020-02-17 20:50:46', '2020-02-17 20:50:46'),
(6, 'Security', 6, 12, 5, '2020-02-17 20:50:46', '2020-02-17 20:50:46'),
(7, 'Meik', 7, 12, 5, '2020-02-17 20:50:46', '2020-02-17 20:50:46'),
(8, 'Kauk Myat', 8, 12, 5, '2020-02-17 20:50:46', '2020-02-17 20:50:46'),
(9, 'Naypyitaw', 9, 12, 5, '2020-02-17 20:50:46', '2020-02-17 20:50:46');

-- --------------------------------------------------------

--
-- Table structure for table `users`
--

CREATE TABLE `users` (
  `id` int(10) UNSIGNED NOT NULL,
  `name` varchar(255) COLLATE utf8mb4_unicode_ci NOT NULL,
  `email` varchar(255) COLLATE utf8mb4_unicode_ci NOT NULL,
  `password` varchar(255) COLLATE utf8mb4_unicode_ci NOT NULL,
  `emp_id` varchar(255) COLLATE utf8mb4_unicode_ci NOT NULL,
  `role_id` int(10) UNSIGNED NOT NULL,
  `remember_token` varchar(100) COLLATE utf8mb4_unicode_ci DEFAULT NULL,
  `created_at` timestamp NULL DEFAULT NULL,
  `updated_at` timestamp NULL DEFAULT NULL
) ENGINE=InnoDB DEFAULT CHARSET=utf8mb4 COLLATE=utf8mb4_unicode_ci;

--
-- Dumping data for table `users`
--

INSERT INTO `users` (`id`, `name`, `email`, `password`, `emp_id`, `role_id`, `remember_token`, `created_at`, `updated_at`) VALUES
(1, 'U Aung Min', 'uaungmin@gmail.com', '$2y$10$XiH4DTrhm.8EX4VjcLY.Yu.M5XDjV58q7eMmoaR3FXWdzEc1gzxq.', '00000001', 5, NULL, '2019-09-04 05:14:05', '2019-10-10 05:13:12'),
(2, 'Daw Su Su Myat Aye', 'dawsusumyataye@gmail.com', '$2y$10$XiH4DTrhm.8EX4VjcLY.Yu.M5XDjV58q7eMmoaR3FXWdzEc1gzxq.', '00000005', 4, NULL, '2019-09-04 05:14:05', '2019-10-10 05:13:12'),
(3, 'Daw Thi Thi Han', 'dawthithihan@gmail.com', '$2y$10$XiH4DTrhm.8EX4VjcLY.Yu.M5XDjV58q7eMmoaR3FXWdzEc1gzxq.', '00000010', 3, NULL, '2019-09-04 05:14:05', '2019-10-10 05:13:12'),
(4, 'U San Lin', 'usanlin@gmail.com', '$2y$10$XiH4DTrhm.8EX4VjcLY.Yu.M5XDjV58q7eMmoaR3FXWdzEc1gzxq.', '00000011', 3, NULL, '2019-09-04 05:14:05', '2019-10-10 05:13:12'),
(5, 'U Tun Tun', 'utuntun@gmail.com', '$2y$10$XiH4DTrhm.8EX4VjcLY.Yu.M5XDjV58q7eMmoaR3FXWdzEc1gzxq.', '00000017', 2, NULL, '2019-09-04 05:14:05', '2019-10-10 05:13:12'),
(6, 'U Phyo Ngwe Lwin', 'uphyongwelwin@gmail.com', '$2y$10$XiH4DTrhm.8EX4VjcLY.Yu.M5XDjV58q7eMmoaR3FXWdzEc1gzxq.', '00000047', 6, NULL, '2019-09-04 05:14:05', '2019-10-10 05:13:12'),
(7, 'U San Phone Tint', 'usanphonetint@gmail.com', '$2y$10$XiH4DTrhm.8EX4VjcLY.Yu.M5XDjV58q7eMmoaR3FXWdzEc1gzxq.', '00000051', 2, NULL, '2019-09-04 05:14:05', '2019-10-10 05:13:12'),
(8, 'Daw Ei Ei Mon', 'daweieimon@gmail.com', '$2y$10$XiH4DTrhm.8EX4VjcLY.Yu.M5XDjV58q7eMmoaR3FXWdzEc1gzxq.', '00000058', 5, NULL, '2019-09-04 05:14:05', '2019-10-10 05:13:12'),
(9, 'Daw Chaw Ei San', 'dawchaweisan@gmail.com', '$2y$10$XiH4DTrhm.8EX4VjcLY.Yu.M5XDjV58q7eMmoaR3FXWdzEc1gzxq.', '00000064', 1, NULL, '2019-09-04 05:14:05', '2019-10-10 05:13:12'),
(10, 'U Paing Soe Aung', 'upaingsoeaung@gmail.com', '$2y$10$XiH4DTrhm.8EX4VjcLY.Yu.M5XDjV58q7eMmoaR3FXWdzEc1gzxq.', '00000069', 7, NULL, '2019-09-04 05:14:05', '2019-10-10 05:13:12'),
(11, 'Daw Than Than Soe', 'dawthanthansoe@gmail.com', '$2y$10$XiH4DTrhm.8EX4VjcLY.Yu.M5XDjV58q7eMmoaR3FXWdzEc1gzxq.', '00000070', 4, NULL, '2019-09-04 05:14:05', '2019-10-10 05:13:12'),
(12, 'Daw Thin Sandy Ye', 'dawthinsandyye@gmail.com', '$2y$10$XiH4DTrhm.8EX4VjcLY.Yu.M5XDjV58q7eMmoaR3FXWdzEc1gzxq.', '00000076', 2, NULL, '2019-09-04 05:14:05', '2019-10-10 05:13:12'),
(13, 'U Aung Kaung Myat', 'uaungkaungmyat@gmail.com', '$2y$10$XiH4DTrhm.8EX4VjcLY.Yu.M5XDjV58q7eMmoaR3FXWdzEc1gzxq.', '00000077', 1, NULL, '2019-09-04 05:14:05', '2019-10-10 05:13:12'),
(14, 'Daw Kyaung Kyaung Nwe', 'dawkyaungkyaungnwe@gmail.com', '$2y$10$XiH4DTrhm.8EX4VjcLY.Yu.M5XDjV58q7eMmoaR3FXWdzEc1gzxq.', '00000082', 6, NULL, '2019-09-04 05:14:05', '2019-10-10 05:13:12'),
(15, 'U Khin Mg Win', 'ukhinmgwin@gmail.com', '$2y$10$XiH4DTrhm.8EX4VjcLY.Yu.M5XDjV58q7eMmoaR3FXWdzEc1gzxq.', '00000085', 2, NULL, '2019-09-04 05:14:05', '2019-10-10 05:13:12'),
(16, 'U Saw Bo Bo Tun', 'usawbobotun@gmail.com', '$2y$10$XiH4DTrhm.8EX4VjcLY.Yu.M5XDjV58q7eMmoaR3FXWdzEc1gzxq.', '00000086', 5, NULL, '2019-09-04 05:14:05', '2019-10-10 05:13:12'),
(17, 'U Si Tun Aung', 'usitunaung@gmail.com', '$2y$10$XiH4DTrhm.8EX4VjcLY.Yu.M5XDjV58q7eMmoaR3FXWdzEc1gzxq.', '00000090', 5, NULL, '2019-09-04 05:14:05', '2019-10-10 05:13:12'),
(18, 'U Soe Htay', 'usoehtay@gmail.com', '$2y$10$XiH4DTrhm.8EX4VjcLY.Yu.M5XDjV58q7eMmoaR3FXWdzEc1gzxq.', '00000094', 2, NULL, '2019-09-04 05:14:05', '2019-10-10 05:13:12'),
(19, 'Daw Thet Thet Aye', 'dawthetthetaye@gmail.com', '$2y$10$XiH4DTrhm.8EX4VjcLY.Yu.M5XDjV58q7eMmoaR3FXWdzEc1gzxq.', '00000100', 2, NULL, '2019-09-04 05:14:05', '2019-10-10 05:13:12'),
(20, 'Daw Hay Man Min Maw', 'dawhaymanminmaw@gmail.com', '$2y$10$XiH4DTrhm.8EX4VjcLY.Yu.M5XDjV58q7eMmoaR3FXWdzEc1gzxq.', '00000147', 1, NULL, '2019-09-04 05:14:05', '2019-10-10 05:13:12'),
(21, 'U Aye Win', 'uayewin@gmail.com', '$2y$10$XiH4DTrhm.8EX4VjcLY.Yu.M5XDjV58q7eMmoaR3FXWdzEc1gzxq.', '00000167', 1, NULL, '2019-09-04 05:14:05', '2019-10-10 05:13:12'),
(22, 'Daw Khin Thazin', 'dawkhinthazin@gmail.com', '$2y$10$XiH4DTrhm.8EX4VjcLY.Yu.M5XDjV58q7eMmoaR3FXWdzEc1gzxq.', '00000168', 2, NULL, '2019-09-04 05:14:05', '2019-10-10 05:13:12'),
(23, 'Daw Shwe Yee Phoo', 'dawshweyeephoo@gmail.com', '$2y$10$XiH4DTrhm.8EX4VjcLY.Yu.M5XDjV58q7eMmoaR3FXWdzEc1gzxq.', '00000169', 2, NULL, '2019-09-04 05:14:05', '2019-10-10 05:13:12'),
(24, 'U Nyein Chan Lin', 'unyeinchanlin@gmail.com', '$2y$10$XiH4DTrhm.8EX4VjcLY.Yu.M5XDjV58q7eMmoaR3FXWdzEc1gzxq.', '00000191', 5, NULL, '2019-09-04 05:14:05', '2019-10-10 05:13:12'),
(25, 'U Sein Lwin', 'useinlwin@gmail.com', '$2y$10$XiH4DTrhm.8EX4VjcLY.Yu.M5XDjV58q7eMmoaR3FXWdzEc1gzxq.', '00000231', 6, NULL, '2019-09-04 05:14:05', '2019-10-10 05:13:12'),
(26, 'Daw Khin Htet Htet Aung', 'dawkhinhtethtetaung@gmail.com', '$2y$10$XiH4DTrhm.8EX4VjcLY.Yu.M5XDjV58q7eMmoaR3FXWdzEc1gzxq.', '00000233', 1, NULL, '2019-09-04 05:14:05', '2019-10-10 05:13:12'),
(27, 'U Nay Win Myint', 'unaywinmyint@gmail.com', '$2y$10$XiH4DTrhm.8EX4VjcLY.Yu.M5XDjV58q7eMmoaR3FXWdzEc1gzxq.', '00000247', 4, NULL, '2019-09-04 05:14:05', '2019-10-10 05:13:12'),
(28, 'Daw Su Sandar', 'dawsusandar@gmail.com', '$2y$10$XiH4DTrhm.8EX4VjcLY.Yu.M5XDjV58q7eMmoaR3FXWdzEc1gzxq.', '00000252', 1, NULL, '2019-09-04 05:14:05', '2019-10-10 05:13:12'),
(29, 'Daw Lu Lu', 'dawlulu@gmail.com', '$2y$10$XiH4DTrhm.8EX4VjcLY.Yu.M5XDjV58q7eMmoaR3FXWdzEc1gzxq.', '00000253', 4, NULL, '2019-09-04 05:14:05', '2019-10-10 05:13:12'),
(30, 'Daw Thinzar Khine', 'dawthinzarkhine@gmail.com', '$2y$10$XiH4DTrhm.8EX4VjcLY.Yu.M5XDjV58q7eMmoaR3FXWdzEc1gzxq.', '00000273', 4, NULL, '2019-09-04 05:14:05', '2019-10-10 05:13:12'),
(31, 'U Zaw Htun Aung', 'uzawhtunaung@gmail.com', '$2y$10$XiH4DTrhm.8EX4VjcLY.Yu.M5XDjV58q7eMmoaR3FXWdzEc1gzxq.', '00000276', 5, NULL, '2019-09-04 05:14:05', '2019-10-10 05:13:12'),
(32, 'U Zaw Naing Oo', 'uzawnaingoo@gmail.com', '$2y$10$XiH4DTrhm.8EX4VjcLY.Yu.M5XDjV58q7eMmoaR3FXWdzEc1gzxq.', '00000278', 4, NULL, '2019-09-04 05:14:05', '2019-10-10 05:13:12'),
(33, 'Daw Zune Pwint Khaing', 'dawzunepwintkhaing@gmail.com', '$2y$10$XiH4DTrhm.8EX4VjcLY.Yu.M5XDjV58q7eMmoaR3FXWdzEc1gzxq.', '00000290', 1, NULL, '2019-09-04 05:14:05', '2019-10-10 05:13:12'),
(34, 'Daw Khin Nyein Chan', 'dawkhinnyeinchan@gmail.com', '$2y$10$XiH4DTrhm.8EX4VjcLY.Yu.M5XDjV58q7eMmoaR3FXWdzEc1gzxq.', '00000291', 5, NULL, '2019-09-04 05:14:05', '2019-10-10 05:13:12'),
(35, 'U Thein Swe', 'utheinswe@gmail.com', '$2y$10$XiH4DTrhm.8EX4VjcLY.Yu.M5XDjV58q7eMmoaR3FXWdzEc1gzxq.', '00000293', 1, NULL, '2019-09-04 05:14:05', '2019-10-10 05:13:12'),
(36, 'U Ye Htut', 'uyehtut@gmail.com', '$2y$10$XiH4DTrhm.8EX4VjcLY.Yu.M5XDjV58q7eMmoaR3FXWdzEc1gzxq.', '00000321', 1, NULL, '2019-09-04 05:14:05', '2019-10-10 05:13:12'),
(37, 'U Lwin Yar Zar Aung', 'ulwinyarzaraung@gmail.com', '$2y$10$XiH4DTrhm.8EX4VjcLY.Yu.M5XDjV58q7eMmoaR3FXWdzEc1gzxq.', '00000324', 5, NULL, '2019-09-04 05:14:05', '2019-10-10 05:13:12'),
(38, 'U Than Lwin', 'uthanlwin@gmail.com', '$2y$10$XiH4DTrhm.8EX4VjcLY.Yu.M5XDjV58q7eMmoaR3FXWdzEc1gzxq.', '00000352', 3, NULL, '2019-09-04 05:14:05', '2019-10-10 05:13:12'),
(39, 'Daw Anso Mary', 'dawansomary@gmail.com', '$2y$10$XiH4DTrhm.8EX4VjcLY.Yu.M5XDjV58q7eMmoaR3FXWdzEc1gzxq.', '00000353', 3, NULL, '2019-09-04 05:14:05', '2019-10-10 05:13:12'),
(40, 'U Zaw Myo Hlaing', 'uzawmyohlaing@gmail.com', '$2y$10$XiH4DTrhm.8EX4VjcLY.Yu.M5XDjV58q7eMmoaR3FXWdzEc1gzxq.', '00000374', 2, NULL, '2019-09-04 05:14:05', '2019-10-10 05:13:12'),
(41, 'Daw Myat Thandar Htwe', 'dawmyatthandarhtwe@gmail.com', '$2y$10$XiH4DTrhm.8EX4VjcLY.Yu.M5XDjV58q7eMmoaR3FXWdzEc1gzxq.', '00000415', 6, NULL, '2019-09-04 05:14:05', '2019-10-10 05:13:12'),
(42, 'U Zaw Ye Win', 'uzawyewin@gmail.com', '$2y$10$XiH4DTrhm.8EX4VjcLY.Yu.M5XDjV58q7eMmoaR3FXWdzEc1gzxq.', '00000418', 6, NULL, '2019-09-04 05:14:05', '2019-10-10 05:13:12'),
(43, 'U Htein Lin', 'uhteinlin@gmail.com', '$2y$10$XiH4DTrhm.8EX4VjcLY.Yu.M5XDjV58q7eMmoaR3FXWdzEc1gzxq.', '00000420', 1, NULL, '2019-09-04 05:14:05', '2019-10-10 05:13:12'),
(44, 'Daw Aye Aye Khaing', 'dawayeayekhaing@gmail.com', '$2y$10$XiH4DTrhm.8EX4VjcLY.Yu.M5XDjV58q7eMmoaR3FXWdzEc1gzxq.', '00000500', 6, NULL, '2019-09-04 05:14:05', '2019-10-10 05:13:12'),
(45, 'U Aung Si Thu Hein', 'uaungsithuhein@gmail.com', '$2y$10$XiH4DTrhm.8EX4VjcLY.Yu.M5XDjV58q7eMmoaR3FXWdzEc1gzxq.', '00000506', 6, NULL, '2019-09-04 05:14:05', '2019-10-10 05:13:12'),
(46, 'U Htein Linn Thu', 'uhteinlinnthu@gmail.com', '$2y$10$XiH4DTrhm.8EX4VjcLY.Yu.M5XDjV58q7eMmoaR3FXWdzEc1gzxq.', '00000522', 6, NULL, '2019-09-04 05:14:05', '2019-10-10 05:13:12'),
(47, 'U Soe Htut Aung', 'usoehtutaung@gmail.com', '$2y$10$XiH4DTrhm.8EX4VjcLY.Yu.M5XDjV58q7eMmoaR3FXWdzEc1gzxq.', '00000546', 4, NULL, '2019-09-04 05:14:05', '2019-10-10 05:13:12'),
(48, 'U Mg Mg Myint', 'umgmgmyint@gmail.com', '$2y$10$XiH4DTrhm.8EX4VjcLY.Yu.M5XDjV58q7eMmoaR3FXWdzEc1gzxq.', '00000611', 6, NULL, '2019-09-04 05:14:05', '2019-10-10 05:13:12'),
(49, 'U Kyaw Naing', 'ukyawnaing@gmail.com', '$2y$10$XiH4DTrhm.8EX4VjcLY.Yu.M5XDjV58q7eMmoaR3FXWdzEc1gzxq.', '00000622', 6, NULL, '2019-09-04 05:14:05', '2019-10-10 05:13:12'),
(50, 'U Khiang Ye Zaw', 'ukhiangyezaw@gmail.com', '$2y$10$XiH4DTrhm.8EX4VjcLY.Yu.M5XDjV58q7eMmoaR3FXWdzEc1gzxq.', '00000629', 6, NULL, '2019-09-04 05:14:05', '2019-10-10 05:13:12'),
(51, 'U Tin Htwe', 'utinhtwe@gmail.com', '$2y$10$XiH4DTrhm.8EX4VjcLY.Yu.M5XDjV58q7eMmoaR3FXWdzEc1gzxq.', '00000652', 6, NULL, '2019-09-04 05:14:05', '2019-10-10 05:13:12'),
(52, 'U Myo Zaw Lin Htun', 'umyozawlinhtun@gmail.com', '$2y$10$XiH4DTrhm.8EX4VjcLY.Yu.M5XDjV58q7eMmoaR3FXWdzEc1gzxq.', '00000653', 2, NULL, '2019-09-04 05:14:05', '2019-10-10 05:13:12'),
(53, 'Daw April Nway Aung', 'dawaprilnwayaung@gmail.com', '$2y$10$XiH4DTrhm.8EX4VjcLY.Yu.M5XDjV58q7eMmoaR3FXWdzEc1gzxq.', '00000675', 2, NULL, '2019-09-04 05:14:05', '2019-10-10 05:13:12'),
(54, 'Daw Thae Pont Pont Khin', 'dawthaepontpontkhin@gmail.com', '$2y$10$XiH4DTrhm.8EX4VjcLY.Yu.M5XDjV58q7eMmoaR3FXWdzEc1gzxq.', '00000721', 1, NULL, '2019-09-04 05:14:05', '2019-10-10 05:13:12'),
(55, 'U Aung Kyaw Moe', 'uaungkyawmoe@gmail.com', '$2y$10$XiH4DTrhm.8EX4VjcLY.Yu.M5XDjV58q7eMmoaR3FXWdzEc1gzxq.', '00000884', 3, NULL, '2019-09-04 05:14:05', '2019-10-10 05:13:12'),
(56, 'U Zayar Myint', 'uzayarmyint@gmail.com', '$2y$10$XiH4DTrhm.8EX4VjcLY.Yu.M5XDjV58q7eMmoaR3FXWdzEc1gzxq.', '00000939', 1, NULL, '2019-09-04 05:14:05', '2019-10-10 05:13:12'),
(57, 'U Moe Sett Kha', 'umoesettkha@gmail.com', '$2y$10$XiH4DTrhm.8EX4VjcLY.Yu.M5XDjV58q7eMmoaR3FXWdzEc1gzxq.', '00000940', 5, NULL, '2019-09-04 05:14:05', '2019-10-10 05:13:12'),
(58, 'U Kyaw Naing Soe', 'ukyawnaingsoe@gmail.com', '$2y$10$XiH4DTrhm.8EX4VjcLY.Yu.M5XDjV58q7eMmoaR3FXWdzEc1gzxq.', '00000946', 1, NULL, '2019-09-04 05:14:05', '2019-10-10 05:13:12'),
(59, 'Daw Ei Hnin Pwint Khaing', 'daweihninpwintkhaing@gmail.com', '$2y$10$XiH4DTrhm.8EX4VjcLY.Yu.M5XDjV58q7eMmoaR3FXWdzEc1gzxq.', '00000982', 4, NULL, '2019-09-04 05:14:05', '2019-10-10 05:13:12'),
(60, 'U Tun Tun Naing', 'utuntunnaing@gmail.com', '$2y$10$XiH4DTrhm.8EX4VjcLY.Yu.M5XDjV58q7eMmoaR3FXWdzEc1gzxq.', '00001008', 3, NULL, '2019-09-04 05:14:05', '2019-10-10 05:13:12'),
(61, 'Daw War War Naing', 'dawwarwarnaing@gmail.com', '$2y$10$XiH4DTrhm.8EX4VjcLY.Yu.M5XDjV58q7eMmoaR3FXWdzEc1gzxq.', '00001011', 5, NULL, '2019-09-04 05:14:05', '2019-10-10 05:13:12'),
(62, 'U Thiha Lin', 'uthihalin@gmail.com', '$2y$10$XiH4DTrhm.8EX4VjcLY.Yu.M5XDjV58q7eMmoaR3FXWdzEc1gzxq.', '00001014', 2, NULL, '2019-09-04 05:14:05', '2019-10-10 05:13:12'),
(63, 'U Min Khant Maung', 'uminkhantmaung@gmail.com', '$2y$10$XiH4DTrhm.8EX4VjcLY.Yu.M5XDjV58q7eMmoaR3FXWdzEc1gzxq.', '00001019', 5, NULL, '2019-09-04 05:14:05', '2019-10-10 05:13:12'),
(64, 'Daw May Sandar  Htun', 'dawmaysandarhtun@gmail.com', '$2y$10$XiH4DTrhm.8EX4VjcLY.Yu.M5XDjV58q7eMmoaR3FXWdzEc1gzxq.', '00001026', 4, NULL, '2019-09-04 05:14:05', '2019-10-10 05:13:12'),
(65, 'U Ye Yint Aung', 'uyeyintaung@gmail.com', '$2y$10$XiH4DTrhm.8EX4VjcLY.Yu.M5XDjV58q7eMmoaR3FXWdzEc1gzxq.', '00001038', 5, NULL, '2019-09-04 05:14:05', '2019-10-10 05:13:12'),
(66, 'Chairman', 'chairman@gmail.com', '$2y$10$XiH4DTrhm.8EX4VjcLY.Yu.M5XDjV58q7eMmoaR3FXWdzEc1gzxq.', '99999999', 1, NULL, '2019-09-04 05:14:05', '2019-10-10 05:13:12');

--
-- Indexes for dumped tables
--

--
-- Indexes for table `assign_to_hots`
--
ALTER TABLE `assign_to_hots`
  ADD PRIMARY KEY (`id`),
  ADD KEY `assign_to_hots_cbp_id_foreign` (`cbp_id`),
  ADD KEY `assign_to_hots_project_id_foreign` (`project_id`),
  ADD KEY `assign_to_hots_hot_id_foreign` (`hot_id`);

--
-- Indexes for table `cbp_lists`
--
ALTER TABLE `cbp_lists`
  ADD PRIMARY KEY (`cbp_id`),
  ADD KEY `cbp_lists_dept_id_foreign` (`dept_id`);

--
-- Indexes for table `cbp_subtasks`
--
ALTER TABLE `cbp_subtasks`
  ADD PRIMARY KEY (`id`),
  ADD KEY `cbp_subtasks_cbp_id_foreign` (`cbp_id`);

--
-- Indexes for table `departments`
--
ALTER TABLE `departments`
  ADD PRIMARY KEY (`dept_id`),
  ADD KEY `departments_group_id_foreign` (`group_id`);

--
-- Indexes for table `employees`
--
ALTER TABLE `employees`
  ADD PRIMARY KEY (`emp_id`),
  ADD KEY `employees_group_id_foreign` (`group_id`),
  ADD KEY `employees_subdept_id_foreign` (`subdept_id`),
  ADD KEY `employees_dept_id_foreign` (`dept_id`),
  ADD KEY `employees_team_id_foreign` (`team_id`);

--
-- Indexes for table `groups`
--
ALTER TABLE `groups`
  ADD PRIMARY KEY (`group_id`);

--
-- Indexes for table `hod_reports`
--
ALTER TABLE `hod_reports`
  ADD PRIMARY KEY (`id`),
  ADD KEY `hod_reports_hod_person_foreign` (`hod_person`),
  ADD KEY `hod_reports_projconfig_id_foreign` (`projConfig_id`);

--
-- Indexes for table `hot_reports`
--
ALTER TABLE `hot_reports`
  ADD PRIMARY KEY (`id`),
  ADD KEY `hot_reports_hot_person_foreign` (`hot_person`),
  ADD KEY `hot_reports_assigntb_id_foreign` (`assigntb_id`);

--
-- Indexes for table `migrations`
--
ALTER TABLE `migrations`
  ADD PRIMARY KEY (`id`);

--
-- Indexes for table `missions`
--
ALTER TABLE `missions`
  ADD PRIMARY KEY (`mission_id`),
  ADD KEY `missions_emp_id_foreign` (`emp_id`);

--
-- Indexes for table `password_resets`
--
ALTER TABLE `password_resets`
  ADD KEY `password_resets_email_index` (`email`);

--
-- Indexes for table `projects`
--
ALTER TABLE `projects`
  ADD PRIMARY KEY (`project_id`),
  ADD UNIQUE KEY `projects_project_code_unique` (`project_code`);

--
-- Indexes for table `project_configs`
--
ALTER TABLE `project_configs`
  ADD PRIMARY KEY (`id`),
  ADD KEY `project_configs_cbp_id_foreign` (`cbp_id`),
  ADD KEY `project_configs_project_id_foreign` (`project_id`),
  ADD KEY `project_configs_assign_person_foreign` (`assign_person`);

--
-- Indexes for table `remarks`
--
ALTER TABLE `remarks`
  ADD PRIMARY KEY (`remark_id`),
  ADD KEY `remarks_task_id_foreign` (`task_id`);

--
-- Indexes for table `roles`
--
ALTER TABLE `roles`
  ADD PRIMARY KEY (`id`);

--
-- Indexes for table `share_information`
--
ALTER TABLE `share_information`
  ADD PRIMARY KEY (`share_id`),
  ADD KEY `share_information_share_to_foreign` (`share_to`),
  ADD KEY `share_information_share_by_foreign` (`share_by`),
  ADD KEY `share_information_mission_id_foreign` (`mission_id`),
  ADD KEY `share_information_task_id_foreign` (`task_id`);

--
-- Indexes for table `sub_departments`
--
ALTER TABLE `sub_departments`
  ADD PRIMARY KEY (`subdept_id`),
  ADD KEY `sub_departments_dept_id_foreign` (`dept_id`);

--
-- Indexes for table `tasks`
--
ALTER TABLE `tasks`
  ADD PRIMARY KEY (`task_id`),
  ADD KEY `tasks_assignee_person_foreign` (`assignee_person`),
  ADD KEY `tasks_assignor_person_foreign` (`assignor_person`),
  ADD KEY `tasks_dept_id_foreign` (`dept_id`),
  ADD KEY `tasks_subdept_id_foreign` (`subdept_id`),
  ADD KEY `tasks_team_id_foreign` (`team_id`),
  ADD KEY `project_code_fk` (`project_code`);

--
-- Indexes for table `teams`
--
ALTER TABLE `teams`
  ADD PRIMARY KEY (`team_id`),
  ADD KEY `teams_subdept_id_foreign` (`subdept_id`),
  ADD KEY `teams_dept_id_foreign` (`dept_id`),
  ADD KEY `teams_group_id_foreign` (`group_id`);

--
-- Indexes for table `users`
--
ALTER TABLE `users`
  ADD PRIMARY KEY (`id`),
  ADD UNIQUE KEY `users_email_unique` (`email`),
  ADD KEY `users_emp_id_foreign` (`emp_id`),
  ADD KEY `users_role_id_foreign` (`role_id`);

--
-- AUTO_INCREMENT for dumped tables
--

--
-- AUTO_INCREMENT for table `assign_to_hots`
--
ALTER TABLE `assign_to_hots`
  MODIFY `id` int(10) UNSIGNED NOT NULL AUTO_INCREMENT, AUTO_INCREMENT=31;

--
-- AUTO_INCREMENT for table `cbp_lists`
--
ALTER TABLE `cbp_lists`
  MODIFY `cbp_id` int(10) UNSIGNED NOT NULL AUTO_INCREMENT, AUTO_INCREMENT=29;

--
-- AUTO_INCREMENT for table `cbp_subtasks`
--
ALTER TABLE `cbp_subtasks`
  MODIFY `id` int(10) UNSIGNED NOT NULL AUTO_INCREMENT, AUTO_INCREMENT=78;

--
-- AUTO_INCREMENT for table `departments`
--
ALTER TABLE `departments`
  MODIFY `dept_id` int(10) UNSIGNED NOT NULL AUTO_INCREMENT, AUTO_INCREMENT=21;

--
-- AUTO_INCREMENT for table `groups`
--
ALTER TABLE `groups`
  MODIFY `group_id` int(10) UNSIGNED NOT NULL AUTO_INCREMENT, AUTO_INCREMENT=8;

--
-- AUTO_INCREMENT for table `hod_reports`
--
ALTER TABLE `hod_reports`
  MODIFY `id` int(10) UNSIGNED NOT NULL AUTO_INCREMENT, AUTO_INCREMENT=15;

--
-- AUTO_INCREMENT for table `hot_reports`
--
ALTER TABLE `hot_reports`
  MODIFY `id` int(10) UNSIGNED NOT NULL AUTO_INCREMENT, AUTO_INCREMENT=25;

--
-- AUTO_INCREMENT for table `migrations`
--
ALTER TABLE `migrations`
  MODIFY `id` int(10) UNSIGNED NOT NULL AUTO_INCREMENT, AUTO_INCREMENT=19;

--
-- AUTO_INCREMENT for table `missions`
--
ALTER TABLE `missions`
  MODIFY `mission_id` int(10) UNSIGNED NOT NULL AUTO_INCREMENT, AUTO_INCREMENT=10;

--
-- AUTO_INCREMENT for table `projects`
--
ALTER TABLE `projects`
  MODIFY `project_id` int(10) UNSIGNED NOT NULL AUTO_INCREMENT, AUTO_INCREMENT=12;

--
-- AUTO_INCREMENT for table `project_configs`
--
ALTER TABLE `project_configs`
  MODIFY `id` int(10) UNSIGNED NOT NULL AUTO_INCREMENT, AUTO_INCREMENT=80;

--
-- AUTO_INCREMENT for table `remarks`
--
ALTER TABLE `remarks`
  MODIFY `remark_id` int(10) UNSIGNED NOT NULL AUTO_INCREMENT, AUTO_INCREMENT=26;

--
-- AUTO_INCREMENT for table `roles`
--
ALTER TABLE `roles`
  MODIFY `id` int(10) UNSIGNED NOT NULL AUTO_INCREMENT, AUTO_INCREMENT=8;

--
-- AUTO_INCREMENT for table `share_information`
--
ALTER TABLE `share_information`
  MODIFY `share_id` int(10) UNSIGNED NOT NULL AUTO_INCREMENT, AUTO_INCREMENT=11;

--
-- AUTO_INCREMENT for table `sub_departments`
--
ALTER TABLE `sub_departments`
  MODIFY `subdept_id` int(10) UNSIGNED NOT NULL AUTO_INCREMENT, AUTO_INCREMENT=10;

--
-- AUTO_INCREMENT for table `tasks`
--
ALTER TABLE `tasks`
  MODIFY `task_id` int(10) UNSIGNED NOT NULL AUTO_INCREMENT, AUTO_INCREMENT=45;

--
-- AUTO_INCREMENT for table `teams`
--
ALTER TABLE `teams`
  MODIFY `team_id` int(10) UNSIGNED NOT NULL AUTO_INCREMENT, AUTO_INCREMENT=10;

--
-- AUTO_INCREMENT for table `users`
--
ALTER TABLE `users`
  MODIFY `id` int(10) UNSIGNED NOT NULL AUTO_INCREMENT, AUTO_INCREMENT=67;

--
-- Constraints for dumped tables
--

--
-- Constraints for table `assign_to_hots`
--
ALTER TABLE `assign_to_hots`
  ADD CONSTRAINT `assign_to_hots_cbp_id_foreign` FOREIGN KEY (`cbp_id`) REFERENCES `cbp_lists` (`cbp_id`),
  ADD CONSTRAINT `assign_to_hots_hot_id_foreign` FOREIGN KEY (`hot_id`) REFERENCES `employees` (`emp_id`),
  ADD CONSTRAINT `assign_to_hots_project_id_foreign` FOREIGN KEY (`project_id`) REFERENCES `projects` (`project_id`);

--
-- Constraints for table `cbp_lists`
--
ALTER TABLE `cbp_lists`
  ADD CONSTRAINT `cbp_lists_dept_id_foreign` FOREIGN KEY (`dept_id`) REFERENCES `departments` (`dept_id`);

--
-- Constraints for table `cbp_subtasks`
--
ALTER TABLE `cbp_subtasks`
  ADD CONSTRAINT `cbp_subtasks_cbp_id_foreign` FOREIGN KEY (`cbp_id`) REFERENCES `cbp_lists` (`cbp_id`);

--
-- Constraints for table `departments`
--
ALTER TABLE `departments`
  ADD CONSTRAINT `departments_group_id_foreign` FOREIGN KEY (`group_id`) REFERENCES `groups` (`group_id`);

--
-- Constraints for table `employees`
--
ALTER TABLE `employees`
  ADD CONSTRAINT `employees_dept_id_foreign` FOREIGN KEY (`dept_id`) REFERENCES `departments` (`dept_id`),
  ADD CONSTRAINT `employees_group_id_foreign` FOREIGN KEY (`group_id`) REFERENCES `groups` (`group_id`),
  ADD CONSTRAINT `employees_subdept_id_foreign` FOREIGN KEY (`subdept_id`) REFERENCES `sub_departments` (`subdept_id`),
  ADD CONSTRAINT `employees_team_id_foreign` FOREIGN KEY (`team_id`) REFERENCES `teams` (`team_id`);

--
-- Constraints for table `missions`
--
ALTER TABLE `missions`
  ADD CONSTRAINT `missions_emp_id_foreign` FOREIGN KEY (`emp_id`) REFERENCES `employees` (`emp_id`);
COMMIT;

/*!40101 SET CHARACTER_SET_CLIENT=@OLD_CHARACTER_SET_CLIENT */;
/*!40101 SET CHARACTER_SET_RESULTS=@OLD_CHARACTER_SET_RESULTS */;
/*!40101 SET COLLATION_CONNECTION=@OLD_COLLATION_CONNECTION */;
